"";"V1";"V2";"V3";"V4";"V5";"V6";"V7";"V8";"V9";"V10";"V11";"V12";"V13";"V14";"V15";"V16";"V17";"V18";"V19";"V20";"V21";"V22";"V23";"V24";"V25";"V26";"V27";"V28";"V29";"V30";"V31";"V32";"V33";"V34";"V35";"V36";"V37";"V38";"V39";"V40";"V41";"V42";"V43";"V44";"V45";"V46";"V47";"V48";"V49";"V50";"V51";"V52";"V53";"V54";"V55";"V56";"V57";"V58";"V59";"V60";"V61";"V62";"V63";"V64";"V65";"V66";"V67";"V68";"V69";"V70";"V71";"V72";"V73";"V74";"V75";"V76";"V77";"V78";"V79";"V80";"V81";"V82";"V83";"V84";"V85";"V86";"V87";"V88";"V89";"V90";"V91";"V92";"V93";"V94";"V95";"V96";"V97";"V98";"V99";"V100";"V101";"V102";"V103";"V104"
"1";1;1;0;1;1;1;1;0;1;1;0;1;1;0;0;1;1;1;1;1;0;1;0;1;1;1;0;1;0;0;0;0;1;1;1;0;0;0;0;0;0;0;0;0;1;0;0;0;1;0;0;0;0;0;0;0;0;0;0;0;0;0;1;0;0;0;0;0;0;0;0;0;0;0;0;0;0;1;0;0;0;0;0;0;0;0;0;0;0;0;0;0;0;0;0;0;1;0;0;0;0;0;0;0
"2";1;1;1;1;0;1;1;1;1;1;0;1;1;1;1;1;1;1;1;1;1;1;1;1;1;1;0;0;0;0;0;0;1;1;1;0;0;1;0;0;0;0;0;0;1;1;1;0;0;0;0;0;0;0;0;0;0;0;0;1;0;1;0;0;0;1;0;1;0;0;0;0;0;0;0;0;0;0;0;0;0;0;0;0;0;0;0;0;0;0;0;0;0;0;0;0;1;0;0;0;0;0;0;0
"3";0;0;1;0;0;1;0;0;0;1;0;1;1;1;0;0;1;1;1;0;1;1;1;1;1;1;0;0;0;0;0;0;1;0;0;0;0;1;0;0;0;0;0;0;1;0;0;0;0;0;0;0;1;0;0;0;0;0;0;1;0;0;0;0;0;0;0;0;0;1;0;0;0;0;0;0;0;0;0;0;0;0;0;0;0;0;0;0;0;0;0;0;0;0;0;0;0;0;0;0;0;0;0;0
"4";1;0;0;0;0;0;1;0;1;1;0;1;0;0;1;1;0;1;1;0;0;1;0;0;1;0;0;0;0;0;0;0;1;1;1;1;1;0;0;0;0;0;0;0;1;0;0;0;0;0;0;0;0;0;0;1;1;0;0;0;0;0;0;0;0;0;0;1;1;0;0;0;0;0;0;0;0;0;0;0;0;0;0;0;0;0;0;0;0;0;0;0;0;0;0;0;0;0;0;0;0;0;0;0
"5";0;1;1;1;1;1;1;1;0;1;0;0;1;0;1;1;1;1;1;1;0;1;0;0;0;1;0;0;0;0;0;0;1;1;1;0;0;0;0;0;0;0;0;0;0;0;0;0;0;0;0;0;0;0;0;1;0;0;0;0;1;1;0;0;0;0;0;0;0;0;0;0;0;0;0;0;0;0;0;0;0;0;0;0;0;0;0;0;0;0;0;0;1;0;0;0;0;0;0;0;0;0;0;0
"6";0;1;1;1;1;0;1;1;0;1;0;1;1;0;0;1;1;1;1;0;0;0;0;1;0;1;0;0;0;0;0;0;0;0;0;0;1;1;0;1;0;0;0;0;1;0;0;0;0;0;0;0;0;0;0;0;0;0;0;1;0;1;0;0;1;0;1;0;0;0;0;0;0;0;0;0;0;0;1;0;0;0;0;0;0;0;0;0;0;0;0;0;0;0;0;0;0;0;0;1;0;0;0;0
"7";1;1;1;0;0;0;0;0;1;1;0;1;1;0;1;0;1;1;0;0;0;1;0;1;0;1;0;0;0;0;0;0;0;1;1;0;0;0;0;0;0;0;0;0;0;0;0;0;0;0;0;0;0;0;0;0;1;0;0;0;0;0;0;0;0;0;0;0;0;0;0;0;0;0;0;0;0;0;0;0;0;0;0;0;0;0;0;0;0;0;0;0;0;0;0;0;0;0;0;0;0;0;0;0
"8";0;0;0;1;1;1;0;1;1;1;0;1;1;0;1;0;0;1;0;1;0;0;1;1;0;1;0;0;0;0;0;1;1;0;1;0;0;1;1;0;0;0;0;0;1;0;0;0;0;0;0;0;0;0;0;1;0;0;0;0;0;0;0;0;0;0;0;0;0;0;0;0;0;0;0;0;0;0;0;0;0;1;0;0;0;0;0;0;0;0;0;0;0;0;0;0;0;0;0;0;0;0;0;0
"9";1;0;1;0;1;1;1;1;1;0;0;1;1;0;1;1;1;1;1;0;1;1;1;1;1;0;0;0;0;0;1;0;1;1;0;1;0;0;0;0;0;0;0;0;1;0;0;0;0;0;0;0;0;0;0;0;0;0;0;0;0;0;0;1;0;0;0;0;0;1;0;0;0;0;0;0;0;0;0;0;0;0;0;0;0;0;0;0;0;0;0;0;0;0;0;0;0;0;0;0;0;0;0;0
"10";1;0;0;1;1;0;1;0;0;0;0;1;0;0;1;1;1;1;1;1;1;1;0;1;1;1;0;0;0;1;0;0;1;0;1;0;0;0;0;0;0;0;0;0;0;0;0;0;0;0;0;0;0;0;0;0;0;0;0;0;1;0;0;0;0;0;0;0;0;1;0;0;0;0;1;0;0;0;0;0;0;0;0;0;0;0;0;0;0;0;0;0;0;0;0;0;0;0;0;0;0;0;0;0
"11";1;0;0;1;1;1;1;1;0;0;0;1;1;0;0;0;0;1;1;1;0;0;1;1;0;1;0;0;0;0;0;0;1;1;1;1;0;0;0;0;0;0;0;0;0;0;0;0;0;0;0;0;1;0;0;0;0;1;0;0;0;0;0;0;0;0;1;0;0;0;0;0;0;0;0;0;0;0;0;0;0;0;0;0;0;0;0;0;0;0;0;0;0;0;0;0;0;0;0;0;0;0;0;0
"12";1;1;0;1;1;1;1;1;1;1;0;0;1;0;1;1;0;1;0;1;1;1;1;1;0;0;0;0;0;0;0;0;1;1;0;0;1;0;1;1;0;0;0;0;0;0;0;0;1;0;0;0;0;0;0;0;0;0;0;0;0;0;0;0;0;0;0;0;1;0;0;1;0;0;0;0;0;0;0;0;0;0;0;0;0;0;0;0;0;0;0;0;1;0;0;0;0;0;0;0;0;0;0;0
"13";0;1;0;1;0;0;1;0;1;0;1;1;0;0;1;0;0;1;0;0;0;1;0;0;1;0;0;0;0;0;0;0;1;1;0;0;0;0;0;0;1;0;0;0;1;0;0;0;1;0;0;0;0;0;0;0;0;0;0;0;0;0;0;1;0;0;0;0;0;0;0;0;0;0;0;0;0;0;0;0;0;0;0;0;0;0;0;0;0;0;0;0;0;0;0;0;0;0;0;0;0;0;0;0
"14";1;1;0;1;1;0;1;0;1;1;0;0;1;0;1;0;0;0;1;1;0;1;0;1;0;1;0;0;0;0;0;0;0;1;1;0;0;0;1;0;0;0;0;0;1;1;0;0;1;0;0;0;0;0;0;0;0;0;1;0;1;0;0;0;0;0;0;0;0;0;0;0;0;0;0;1;0;0;0;0;0;0;0;0;0;0;0;0;0;0;1;0;0;0;0;0;0;0;0;0;0;0;0;0
"15";1;0;0;0;1;1;1;1;1;1;0;1;0;0;1;0;0;1;1;1;0;1;0;1;1;1;0;0;0;0;0;0;0;0;1;0;0;0;1;1;0;0;0;0;0;0;0;0;0;0;0;0;0;0;0;1;1;0;0;1;0;0;1;0;0;0;0;0;0;0;0;0;0;0;0;0;0;0;1;0;0;0;0;0;0;0;0;0;0;0;0;0;0;0;0;1;0;0;0;0;0;1;0;0
"16";1;1;1;0;1;0;1;1;1;0;0;1;1;0;1;1;1;1;1;1;1;0;0;1;0;1;0;0;1;0;1;0;0;0;1;0;0;1;0;0;0;0;0;0;1;0;0;0;0;0;0;0;0;0;0;0;0;0;0;1;0;0;0;0;0;0;0;0;0;0;0;0;0;0;0;0;0;0;0;0;0;0;0;0;0;0;0;0;0;0;0;0;0;0;0;0;0;0;0;0;0;0;0;0
"17";1;0;0;1;1;0;1;1;1;1;0;1;1;0;1;1;1;1;1;1;0;1;1;0;1;1;0;0;0;0;0;0;1;0;1;0;0;1;1;0;0;0;0;0;1;1;0;0;0;0;1;0;0;0;0;0;0;0;0;0;0;0;0;1;0;0;1;0;1;0;0;0;0;0;0;0;1;0;0;0;0;0;0;0;0;0;0;0;0;0;0;0;0;0;0;0;0;0;0;0;0;0;0;0
"18";1;1;0;1;1;1;1;0;1;1;0;0;1;0;0;1;1;1;1;1;0;1;1;0;1;0;0;0;0;0;0;0;1;1;1;1;0;1;0;0;0;0;0;0;1;0;0;0;0;1;0;0;0;0;0;1;0;0;0;0;0;0;0;1;1;0;0;0;0;0;0;0;0;0;0;1;0;0;0;0;0;0;0;0;0;0;0;0;0;0;0;0;0;1;0;0;0;0;0;0;0;0;0;0
"19";1;0;0;1;1;0;1;1;1;1;0;0;1;0;1;1;0;1;0;0;0;1;1;1;1;1;0;0;1;0;0;0;0;1;0;0;0;0;1;0;0;0;0;0;0;0;0;0;0;0;0;0;0;0;0;1;0;0;0;0;0;1;0;0;0;0;0;0;0;0;0;0;0;0;0;0;0;0;0;0;0;0;0;0;1;0;1;0;0;0;0;0;0;0;1;0;0;0;0;0;0;0;0;0
"20";1;0;1;1;0;1;1;1;1;1;0;1;1;0;0;0;0;1;0;1;1;1;0;1;1;1;0;0;0;0;0;0;1;0;1;0;1;0;1;0;0;0;0;0;1;1;0;0;0;0;0;0;0;0;0;0;0;0;0;1;0;0;0;0;1;0;0;0;0;1;0;0;0;0;0;0;0;0;0;0;0;0;0;0;0;0;0;0;0;0;0;0;0;0;0;0;0;0;0;0;0;0;0;0
"21";1;0;0;1;1;1;0;0;1;1;0;1;1;0;1;1;1;1;0;1;1;1;1;0;1;1;0;0;0;0;0;0;1;1;0;0;0;0;0;0;0;0;0;1;0;0;0;0;0;0;0;0;0;0;0;0;0;0;0;0;0;1;0;0;0;1;0;1;0;0;0;0;0;0;0;0;0;0;0;0;0;0;0;0;1;0;0;0;0;0;0;1;0;0;0;0;0;0;0;0;0;0;0;0
"22";1;0;0;1;1;1;0;1;1;1;0;0;1;0;1;1;0;1;1;1;1;0;1;0;0;1;0;0;0;0;0;0;1;1;0;0;0;0;0;0;0;0;1;0;1;1;0;0;0;0;0;0;0;0;0;1;0;0;0;0;0;0;1;0;0;0;0;0;0;1;0;0;0;0;0;0;0;0;0;0;0;0;0;0;0;0;0;0;0;0;0;0;0;0;0;0;0;0;0;0;0;0;0;0
"23";1;1;1;1;1;0;1;1;0;1;0;1;1;0;1;1;1;1;1;1;0;0;1;1;0;0;0;0;0;0;0;0;1;1;0;0;0;0;0;0;1;0;0;0;1;1;0;0;0;0;0;0;1;0;0;1;0;0;0;0;0;0;1;0;0;0;0;0;0;0;0;0;0;0;0;0;0;0;0;0;0;0;0;0;0;0;0;0;0;0;0;0;0;1;0;0;0;0;0;0;0;0;0;1
"24";1;1;1;0;1;1;0;0;1;1;0;1;1;0;1;1;1;1;0;0;1;0;0;1;1;1;0;0;0;0;0;0;1;1;1;0;0;1;0;0;0;0;0;0;1;1;0;0;0;0;0;0;0;0;0;0;0;0;0;1;0;0;0;0;0;1;0;0;0;0;0;1;0;0;0;0;0;0;0;0;0;0;0;0;0;0;0;0;0;0;0;0;0;0;0;0;0;0;0;0;0;0;0;0
"25";1;1;1;1;1;0;1;0;1;1;0;1;1;0;1;0;1;1;1;1;0;1;1;1;1;0;0;0;0;0;0;0;1;1;0;0;0;1;0;0;0;0;0;0;1;0;0;0;0;0;0;0;0;0;0;0;0;0;0;0;0;1;0;0;0;0;0;0;0;1;0;0;0;0;0;0;0;0;0;0;0;0;0;0;0;0;0;0;1;0;0;0;0;0;0;0;0;0;0;0;0;0;0;0
"26";0;1;0;1;1;1;1;1;0;1;0;1;1;0;0;1;1;1;1;1;0;0;0;1;1;1;0;0;0;0;0;0;0;1;0;0;0;1;0;0;0;0;1;0;1;1;0;0;0;0;0;0;0;0;0;0;0;0;0;0;0;1;0;0;0;0;0;1;0;0;0;0;0;0;0;0;0;0;0;0;0;0;0;0;0;0;0;0;0;0;0;0;0;1;0;0;0;0;0;0;0;0;1;0
"27";0;1;1;1;0;0;1;1;1;1;0;1;0;0;0;1;0;1;0;1;0;1;1;1;1;1;0;0;0;0;0;0;1;1;0;0;0;0;1;0;0;0;0;1;0;0;0;0;0;0;0;0;0;0;0;1;0;0;0;0;0;1;0;0;0;0;0;0;0;1;0;0;0;0;0;0;0;0;0;0;0;0;0;0;0;0;0;0;0;0;0;0;0;0;0;0;0;0;0;0;0;1;1;0
"28";1;1;0;0;1;0;1;1;0;1;0;1;1;0;1;1;1;1;1;1;0;1;0;0;1;1;0;0;0;0;0;0;1;0;1;0;1;0;1;0;0;0;0;0;1;1;0;0;0;0;0;0;0;0;0;0;0;0;0;1;0;0;0;1;1;0;1;0;0;0;0;0;0;0;0;0;0;0;0;0;0;0;0;0;0;0;0;0;0;0;0;0;0;1;0;0;0;0;0;0;0;0;0;0
"29";1;0;0;1;0;0;1;0;0;1;0;1;1;0;0;1;1;0;1;0;0;1;1;0;1;0;0;0;0;0;1;0;1;1;1;0;0;1;0;0;0;0;0;0;1;0;0;0;0;0;0;0;0;0;0;0;0;1;0;0;0;1;0;0;0;0;0;0;0;0;0;0;0;0;0;0;0;0;0;0;0;0;0;0;0;0;0;0;0;0;0;0;0;0;0;0;0;0;0;0;0;0;0;0
"30";1;1;1;1;1;1;1;1;1;1;0;1;1;0;1;1;1;1;1;1;0;1;1;1;1;1;0;0;0;0;0;1;1;1;0;1;0;1;1;0;0;0;0;0;1;1;0;0;0;0;0;0;0;0;0;1;1;0;0;0;0;0;0;0;0;0;0;1;0;0;0;1;0;0;0;0;0;0;0;0;0;0;0;0;0;0;0;0;0;0;0;0;0;0;0;1;0;1;0;0;0;0;0;0
"31";1;1;0;0;1;0;1;1;0;0;0;1;0;0;1;1;1;1;1;1;1;0;0;1;0;0;0;0;0;0;0;0;1;1;0;1;0;0;1;0;0;0;0;0;0;0;0;0;0;0;0;0;0;0;0;1;0;0;0;0;0;0;0;0;0;0;1;1;1;0;0;0;0;0;0;1;0;0;0;0;0;0;0;0;0;0;0;0;0;0;0;0;0;0;0;0;0;0;0;0;0;0;0;0
"32";0;1;1;0;0;0;1;1;1;0;0;1;1;0;0;0;1;1;1;1;0;0;0;1;0;1;0;0;0;0;0;0;1;1;0;0;0;0;0;0;0;0;0;0;1;0;0;0;0;0;0;0;0;0;0;0;0;0;0;0;0;0;0;0;0;0;0;0;0;1;0;0;0;0;0;0;0;0;0;0;0;0;0;0;0;0;0;0;0;0;0;0;0;0;0;1;0;0;0;0;0;0;0;0
"33";1;0;0;1;0;1;1;1;1;1;0;1;1;0;0;1;1;1;1;0;1;1;1;0;0;1;0;0;0;0;0;0;1;1;1;0;0;0;0;0;0;1;0;0;1;0;0;0;0;0;0;0;1;0;0;1;0;0;0;0;0;0;0;1;0;0;0;0;0;0;0;0;0;0;0;0;0;0;0;0;0;0;0;0;0;0;1;0;0;0;0;0;0;0;0;0;1;0;0;0;0;0;0;0
"34";0;1;0;0;1;0;0;1;0;1;1;1;1;0;1;1;0;0;1;0;0;1;0;1;0;1;0;0;0;0;0;0;0;1;1;0;0;0;0;0;0;0;0;0;1;0;0;0;0;0;0;0;0;0;0;0;0;0;0;0;0;0;0;0;0;0;0;0;0;0;0;0;0;0;0;0;0;0;1;0;0;0;0;0;0;0;0;0;0;0;0;0;0;0;0;0;0;0;0;0;0;0;0;0
"35";0;1;0;1;0;1;1;1;1;1;0;1;1;0;0;1;1;1;0;0;1;1;0;1;1;0;0;0;0;0;0;0;1;1;1;0;0;0;1;0;0;0;0;0;1;1;0;0;0;0;0;0;0;0;0;0;1;0;0;0;0;0;0;0;1;0;0;0;0;0;0;0;0;0;0;0;0;1;0;0;0;0;0;0;0;0;0;0;0;0;0;0;0;1;0;0;0;0;0;0;0;0;0;0
"36";0;1;1;1;1;1;1;1;1;1;0;0;1;0;0;1;0;1;1;0;1;1;1;0;1;1;0;0;0;0;0;0;1;0;1;0;0;0;0;0;1;0;0;0;1;1;0;0;0;0;0;0;0;0;0;0;0;0;0;0;1;0;0;0;0;0;0;0;1;0;0;0;0;0;1;0;0;0;0;0;0;0;0;0;0;0;0;0;0;1;0;0;0;0;0;0;0;0;0;0;0;0;0;0
"37";1;1;0;1;0;1;1;1;1;1;0;1;0;0;1;1;1;1;1;1;1;1;1;0;1;1;0;0;0;0;1;0;1;0;0;0;0;1;1;0;0;0;0;0;1;1;0;0;0;0;0;0;0;0;0;0;0;0;0;1;0;0;0;0;0;0;0;0;0;0;0;0;0;0;0;0;0;0;1;0;0;0;0;0;0;0;0;0;0;0;0;0;0;1;0;0;0;0;0;0;0;0;0;0
"38";1;1;0;1;1;0;1;1;1;1;0;1;1;0;1;0;1;1;1;1;1;1;1;1;1;0;0;0;0;0;0;0;0;1;1;0;0;0;0;0;0;0;0;0;0;1;0;0;0;0;1;0;0;0;1;1;0;1;0;0;0;0;0;0;0;0;0;0;0;0;0;0;0;0;0;0;0;0;0;0;0;0;0;0;0;0;0;0;0;0;0;0;0;0;0;0;0;0;0;0;0;0;0;0
"39";1;1;0;1;1;1;1;1;1;1;0;1;1;0;1;0;0;0;1;0;1;1;0;1;1;1;0;0;0;0;0;0;1;0;1;0;0;1;0;0;0;0;0;0;0;0;0;0;0;0;0;0;0;0;0;0;0;0;0;0;0;1;0;0;0;0;0;0;0;0;0;0;0;0;0;0;0;0;0;0;0;0;0;0;0;0;0;0;0;0;0;1;0;0;0;0;0;0;0;0;0;0;0;0
"40";1;1;0;0;1;0;1;1;0;0;1;1;1;0;1;0;1;0;1;1;0;1;0;1;1;1;0;0;0;0;0;0;1;1;1;0;0;0;0;0;0;0;0;0;0;0;0;0;1;0;0;0;0;0;0;0;0;0;0;0;0;0;0;0;0;0;0;0;0;0;0;0;0;0;0;0;0;0;0;0;0;0;0;0;0;0;0;0;0;0;0;0;0;0;0;0;0;0;0;0;1;0;0;0
"41";1;1;0;0;1;1;1;1;0;1;0;1;1;0;1;1;0;0;1;0;0;1;1;0;0;0;0;1;0;0;0;0;0;1;1;0;0;1;0;0;0;0;0;0;0;0;1;0;0;0;0;0;0;0;1;0;0;0;0;0;0;0;1;1;0;1;0;0;0;1;0;0;0;0;0;0;0;0;0;0;0;0;0;0;0;0;0;0;0;0;0;0;0;0;0;1;0;0;0;0;0;0;0;1
"42";1;0;0;1;1;1;1;1;1;1;0;0;1;0;0;1;0;1;1;1;0;1;1;1;0;1;0;0;0;0;0;0;1;1;0;1;0;0;0;0;0;0;0;0;1;0;0;0;0;0;0;0;0;0;0;0;0;0;0;1;0;0;1;0;0;0;1;1;1;1;1;0;0;0;0;0;0;0;0;0;0;0;0;0;0;0;0;1;0;0;0;0;0;0;0;0;0;0;0;0;0;0;0;0
"43";1;1;0;1;0;0;1;1;1;1;0;1;1;0;0;0;0;1;1;1;0;1;1;1;1;1;0;0;0;0;0;0;1;1;1;0;0;0;0;0;0;0;0;0;1;0;0;0;0;0;0;0;0;0;0;1;0;0;0;0;0;0;0;0;0;0;1;0;0;0;0;0;0;0;0;0;0;0;0;0;0;0;0;0;0;0;0;0;0;0;0;0;0;0;0;1;0;0;0;0;0;1;0;0
"44";1;0;0;1;1;0;1;0;1;0;1;1;0;0;1;1;1;1;1;1;0;1;1;1;1;0;0;0;0;0;0;0;1;0;1;0;0;0;0;0;1;0;0;0;1;0;0;0;0;0;0;0;0;0;0;1;0;1;0;1;1;0;0;0;0;0;0;1;0;0;0;0;0;0;0;0;0;0;0;0;0;0;0;0;0;0;0;0;0;0;0;0;0;0;0;0;0;0;0;0;0;0;0;0
"45";1;1;0;1;1;1;1;1;0;0;0;0;1;0;1;1;0;1;0;0;0;1;1;1;1;1;0;0;0;0;0;0;1;1;1;0;0;1;0;0;0;0;0;0;1;0;0;1;0;0;0;0;0;0;0;0;0;0;0;0;0;1;0;0;0;0;0;1;0;0;0;0;0;1;0;0;0;0;0;0;0;0;0;0;0;0;0;0;0;0;0;0;0;0;0;0;0;0;0;0;0;0;0;0
"46";1;1;0;1;0;1;1;1;1;1;0;1;1;0;0;1;1;1;1;0;0;1;0;1;0;0;0;0;0;0;0;0;1;1;1;0;0;0;0;0;0;0;0;0;1;1;0;0;0;0;0;0;0;0;0;0;0;0;0;1;0;1;0;0;0;0;0;0;0;1;0;0;0;0;0;0;0;0;0;0;0;0;0;0;0;0;0;0;0;0;0;0;0;0;0;0;0;0;0;0;0;0;0;0
"47";1;1;0;1;1;1;0;0;0;1;0;0;1;0;1;1;1;0;1;0;1;1;0;1;1;1;1;0;1;0;0;0;1;0;0;0;0;0;0;0;0;0;0;0;0;0;0;0;0;0;1;0;0;0;0;0;1;0;0;0;0;0;0;0;0;0;0;0;0;0;0;0;0;1;0;0;0;0;0;0;0;0;0;0;0;0;0;0;1;0;0;0;0;0;0;0;0;0;0;0;0;0;0;0
"48";1;1;0;1;1;0;1;0;0;1;0;0;1;0;0;0;1;0;1;1;1;1;1;1;1;0;0;0;0;1;0;0;0;1;0;0;0;0;0;0;0;0;0;0;1;0;0;0;0;0;0;0;0;0;0;0;1;0;0;0;0;0;0;0;1;0;0;0;0;1;0;0;1;0;0;1;0;1;0;0;0;0;0;0;1;0;0;0;0;0;1;0;0;0;0;0;0;0;0;0;0;0;0;0
"49";0;1;1;1;1;0;1;1;1;1;0;1;1;0;1;1;1;1;1;1;1;1;1;1;1;0;1;0;0;0;0;0;1;1;1;1;0;1;1;0;0;0;0;0;1;1;0;0;1;0;0;0;0;0;0;1;0;0;0;0;1;1;0;0;0;1;1;1;0;0;0;0;0;0;0;0;0;0;0;1;0;0;0;0;0;0;1;0;0;0;1;0;0;0;0;0;0;0;0;0;0;0;0;0
"50";1;0;1;1;1;1;1;1;1;1;0;0;0;0;1;1;1;1;1;1;0;1;1;0;1;1;0;0;0;0;0;0;0;1;0;0;0;1;1;0;0;0;0;0;1;1;0;0;0;0;0;0;0;0;0;1;0;0;0;0;0;0;0;0;0;1;0;0;0;0;0;0;0;0;0;0;0;0;0;0;0;0;1;0;0;0;0;0;0;0;0;0;0;0;0;0;1;1;0;0;0;0;0;0
