"";"V1";"V2";"V3";"V4";"V5";"V6";"V7";"V8";"V9";"V10";"V11";"V12";"V13";"V14";"V15";"V16";"V17";"V18";"V19";"V20";"V21";"V22";"V23"
"V1";1;1;1;1;1;1;1;1;1;1;1;1;1;1;1;1;1;1;1;1;1;1;1
"V2";0;0;0;1;0;0;0;0;0;0;0;0;0;0;0;0;0;0;0;0;0;0;0
"V3";0;0;0;0;0;0;0;0;1;0;0;0;0;0;0;0;0;0;0;0;0;0;0
"V4";0;0;0;0;0;0;0;0;0;0;0;0;0;0;0;0;0;0;1;0;0;0;0
"V5";1;1;1;0;0;0;1;0;0;0;0;0;1;1;0;1;0;1;1;1;0;1;1
"V6";0;0;0;0;0;0;0;0;0;0;0;0;0;1;0;0;0;0;0;0;0;0;0
"V7";1;1;1;1;1;0;1;1;1;1;1;1;1;1;1;0;1;1;1;1;1;1;1
"V8";1;1;1;1;1;1;1;1;1;1;1;1;1;1;1;1;1;1;1;1;1;1;1
"V9";0;0;0;1;0;1;0;0;0;0;0;0;0;0;1;0;0;1;0;0;0;1;0
"V10";0;0;0;0;1;0;0;0;0;0;0;0;0;0;1;0;0;0;0;0;0;0;1
"V11";0;0;0;0;0;0;0;0;0;0;0;0;0;0;0;1;0;0;0;0;0;0;0
"V12";1;1;0;1;0;1;1;0;0;1;1;1;0;1;1;0;1;1;1;0;1;1;0
"V13";1;1;1;1;1;1;1;1;1;1;1;1;1;1;1;1;1;1;1;1;1;1;1
"V14";0;0;0;0;0;0;0;0;0;0;0;0;0;0;0;1;0;0;0;0;0;0;0
"V15";1;1;1;1;1;1;1;1;1;1;1;0;1;1;1;1;1;1;0;1;1;1;1
"V16";0;0;0;0;0;0;0;0;0;0;0;0;0;0;0;0;0;0;0;1;0;0;0
"V17";1;1;1;1;1;1;1;1;1;1;1;1;1;1;1;1;1;1;1;1;1;1;1
"V18";1;0;1;0;1;0;0;0;1;0;0;0;0;0;1;0;0;0;0;0;0;0;0
"V19";1;0;0;1;0;0;0;0;0;0;0;0;1;0;0;0;0;0;0;0;0;0;0
"V20";0;0;0;0;0;0;0;0;0;1;1;0;0;0;1;0;0;0;0;0;0;1;0
"V21";0;1;1;1;1;0;0;1;1;0;1;1;1;0;0;0;0;0;1;1;1;1;0
"V22";0;0;0;0;0;1;0;0;0;0;0;0;0;0;0;0;0;0;0;1;1;0;0
"V23";0;0;1;0;0;1;0;0;0;0;0;0;0;0;0;1;0;0;0;0;0;0;0
"V24";0;0;0;1;0;0;0;0;0;0;0;0;0;0;0;0;0;0;0;0;0;0;0
"V25";1;0;0;0;0;0;0;0;0;0;0;0;0;0;0;0;0;0;0;0;0;0;0
"V26";0;0;0;0;0;0;0;1;0;0;0;0;0;0;0;0;0;0;0;0;0;0;0
"V27";1;1;1;1;1;1;1;1;1;0;1;1;0;1;1;1;1;0;1;1;1;1;1
"V28";0;0;0;0;0;0;0;0;0;0;0;0;0;0;0;0;0;0;0;0;0;0;1
"V29";0;0;0;0;0;0;0;0;0;0;0;0;0;0;0;0;1;0;0;0;0;0;0
"V30";1;1;1;1;1;1;1;1;1;1;1;1;1;1;1;1;1;1;1;0;1;1;1
"V31";0;1;0;0;0;0;0;0;0;0;0;0;0;0;0;0;1;1;0;0;0;0;0
"V32";0;0;1;1;0;0;0;0;0;0;0;0;0;0;0;0;1;0;0;0;0;0;0
"V33";0;0;0;0;0;0;0;0;0;0;0;1;0;0;0;0;0;0;0;0;0;0;0
"V34";0;0;0;1;0;0;0;0;0;0;0;0;0;0;0;0;0;0;0;0;0;0;0
"V35";1;1;1;1;1;1;1;1;1;1;1;1;1;1;1;1;1;1;1;1;1;0;1
"V36";0;0;1;0;0;0;0;0;0;0;0;0;0;0;0;0;0;0;0;0;0;0;0
"V37";1;0;0;0;1;0;0;1;0;0;0;0;0;0;0;1;0;1;0;0;1;1;0
"V38";0;0;0;1;0;0;0;1;0;0;0;0;0;1;0;0;0;1;0;0;1;1;1
"V39";0;0;1;1;1;0;0;0;0;1;0;0;0;0;0;0;1;0;0;0;1;0;0
"V40";0;0;0;0;0;0;0;1;0;0;0;0;0;1;0;0;1;1;1;0;0;0;0
"V41";0;0;0;0;0;0;0;0;0;0;0;1;0;0;0;0;0;0;0;0;0;0;1
"V42";0;0;0;0;0;0;1;0;0;0;0;0;0;0;1;0;0;0;0;0;0;0;0
"V43";1;0;1;1;0;0;1;0;0;0;0;1;1;0;0;0;0;1;1;1;0;0;0
"V44";1;1;1;1;1;1;1;1;1;1;1;1;0;1;1;1;1;1;1;1;1;1;1
"V45";1;0;0;0;1;0;0;0;0;0;1;0;0;1;0;1;0;0;1;0;0;1;0
"V46";1;1;1;1;1;1;1;1;1;1;1;1;1;1;1;1;1;1;1;1;0;1;1
"V47";0;0;0;0;0;0;0;0;0;0;0;0;0;0;0;0;0;0;0;1;0;0;0
"V48";1;1;1;1;1;1;1;1;1;1;1;1;1;1;1;1;0;1;1;1;1;1;1
"V49";1;0;0;0;1;0;0;0;0;0;0;0;0;0;0;1;0;1;0;0;1;0;0
"V50";0;1;0;0;0;0;0;0;0;0;0;0;0;0;0;0;0;0;0;0;1;0;0
"V51";0;0;0;0;0;0;0;0;0;0;0;0;0;1;1;0;0;0;0;0;0;0;0
"V52";1;1;1;1;1;1;1;1;1;1;0;1;1;1;1;1;1;1;1;1;1;1;1
"V53";1;1;1;1;1;1;1;1;1;1;1;0;1;1;1;1;1;1;1;1;1;1;1
"V54";0;0;1;0;0;0;0;1;0;1;0;1;0;1;0;1;0;0;1;0;1;1;0
"V55";1;1;1;1;1;1;1;1;1;1;1;1;1;1;1;1;1;1;1;0;1;1;1
"V56";1;1;1;0;0;0;0;0;1;1;0;0;0;1;0;0;0;0;0;0;1;0;0
"V57";1;1;1;1;1;0;0;1;1;1;1;0;1;1;1;1;1;1;1;1;1;1;1
"V58";0;0;0;0;0;0;0;0;0;0;0;0;0;0;0;1;0;0;1;0;0;1;0
"V59";0;0;0;0;0;0;0;0;0;0;0;0;0;0;0;0;0;0;0;0;0;0;1
"V60";0;0;0;0;0;0;0;0;0;0;0;0;0;0;0;0;0;0;0;0;0;1;0
"V61";0;0;0;1;0;0;0;0;0;0;0;0;0;0;0;0;0;0;0;0;0;0;0
"V62";0;0;0;0;0;0;0;0;0;0;1;0;0;0;0;0;0;0;0;0;0;0;0
"V63";0;0;0;0;1;0;0;0;0;0;0;0;0;1;0;0;0;0;0;0;0;0;0
"V64";0;0;0;0;0;0;0;0;0;0;0;0;0;0;0;0;0;0;0;0;0;0;1
"V65";1;0;1;0;0;0;0;0;0;0;0;0;1;0;0;0;1;0;0;0;0;0;0
"V66";1;0;0;0;0;0;0;0;0;0;0;0;0;0;0;0;0;0;0;0;0;0;0
"V67";0;1;0;0;0;0;0;0;0;0;0;0;0;0;0;0;0;0;0;0;0;0;0
"V68";1;0;0;0;0;0;0;0;0;0;0;0;0;0;0;0;0;0;0;0;0;0;0
"V69";1;1;0;0;0;1;0;1;0;0;1;0;0;0;0;0;0;1;1;0;1;1;0
"V70";0;0;0;0;0;0;1;0;0;0;0;0;0;0;0;0;0;0;0;0;0;0;0
"V71";0;0;0;0;0;0;0;1;0;0;0;0;0;0;0;0;0;0;0;0;0;0;1
"V72";0;1;0;0;0;0;0;0;0;0;0;0;0;0;0;0;0;0;0;0;0;0;0
"V73";0;0;0;0;0;1;0;1;0;0;1;0;0;1;0;1;1;0;0;0;0;0;0
"V74";0;0;0;0;0;0;0;0;0;0;0;0;1;0;0;0;0;0;0;0;0;0;1
"V75";0;0;0;0;0;0;0;1;0;0;0;0;0;0;0;0;0;1;0;0;0;0;0
"V76";1;0;0;0;0;0;1;1;0;0;1;0;0;0;0;0;1;0;0;0;0;0;0
"V77";0;0;0;0;0;0;0;0;0;0;0;1;0;0;0;0;0;0;0;0;0;0;0
"V78";0;0;1;0;0;1;0;0;0;0;0;0;0;0;0;0;0;0;0;0;0;0;0
"V79";0;0;0;0;1;0;0;0;0;0;0;0;0;0;0;0;0;0;0;0;0;0;0
"V80";0;0;0;0;0;0;0;0;0;0;0;0;0;0;0;1;0;0;0;0;0;0;0
