"matrix_id";"baseline";"ceof_cor";"stat_nodf_columns";"stat_nodf_rows";"stat_nodf_general";"stat_temp"
"Algic";"r0";0,960396073454032;27,124943000456;39,5263945303873;27,1756301320497;37,3312113020469
"Algic";"r0";0,961829018018214;31,9516643866849;37,9658443682642;31,9762455037758;40,7966202037543
"Algic";"r0";0,963315714343364;30,6748746010032;40,1112359442668;30,7134428353762;37,9483688220494
"Algic";"r0";0,970080319609484;32,234382124943;37,7511134157232;32,256930072998;41,1900489736245
"Algic";"r0";0,969422456181393;33,3606931144551;38,3689082220238;33,3811626584915;39,6311012573661
"Algic";"r0";0,969894930557904;30,8390332877337;35,1908378865427;30,8568199550313;47,1188501627186
"Algic";"r0";0,970162163586573;32,4167806657547;36,1953773322194;32,4322245213397;45,0349409959566
"Algic";"r0";0,960532793305566;30,3625170998632;38,0615036953815;30,3939843475288;38,9811592219978
"Algic";"r0";0,975038480728347;31,4705882352941;38,5991082431494;31,4997238756532;40,8409091926473
"Algic";"r0";0,971691561355795;34,8951208390333;38,8309189320684;34,9112072072609;42,3573577679277
"Algic";"r0";0,962050199377618;30,7364341085271;36,3598011631889;30,7594178975789;41,904800375451
"Algic";"r0";0,961080573438075;31,3087095303238;37,4145965168349;31,3336654716855;39,2910753399706
"Algic";"r0";0,972164635090869;33,3378932968536;38,0609992413985;33,3571975445834;41,6136887738765
"Algic";"r0";0,975373181103918;31,6301869585043;43,0173902188421;31,6767286612033;34,3822781069458
"Algic";"r0";0,964075675751682;29,1586867305062;37,6186801614509;29,1932643603329;40,9122181824973
"Algic";"r0";0,970293774855857;32,7450980392157;39,7903776042917;32,7738934597814;38,6597418875749
"Algic";"r0";0,967526519655272;30,4605563155495;36,6128552543556;30,4857019515391;43,2855801648367
"Algic";"r0";0,966461505256586;32,0428636570907;38,0245838094598;32,06731210458;39,6001369561079
"Algic";"r0";0,955124801191432;27,4601003191974;38,4960869606968;27,5052065316286;39,1830899018523
"Algic";"r0";0,963996785109836;30,1071591427269;37,2780277641742;30,1364678700625;40,0372250965531
"Algic";"r0";0,967635726095268;31,9471044231646;36,9050954333471;31,9673686915986;41,0600575200818
"Algic";"r0";0,977194269578943;31,078431372549;43,0499390238047;31,1273612403334;35,6481397115311
"Algic";"r0";0,965144682827926;32,2207022343821;37,6979664999024;32,2430888730695;40,7188218591113
"Algic";"r0";0,972421961680014;33,3652530779754;41,6396214034448;33,3990720220849;36,5393476487337
"Algic";"r0";0,969727165346122;28,6388508891929;40,8949039264829;28,6889437490183;37,7106932347946
"Algic";"r0";0,973121787500353;33,8030095759234;37,6998972527103;33,8189369097522;41,1723141399041
"Algic";"r0";0,969267038754337;29,3365253077975;38,7779435818153;29,3751142108249;39,9774855939958
"Algic";"r0";0,978667897553854;35,2667578659371;39,8762269658821;35,2855976578987;40,0784078422579
"Algic";"r0";0,969070343683272;33,3629730962152;38,7084185559685;33,3848209659417;39,2754550619252
"Algic";"r0";0,963058451501191;30,4149566803466;37,3691393234043;30,4433797701683;38,8705868274429
"Algic";"r0";0,969294162376417;30,8413132694938;39,9248440385766;30,8784394170514;38,09063998253
"Algic";"r0";0,971558542737001;35,766073871409;38,9989507613222;35,7792872646921;41,924894035387
"Algic";"r0";0,963289020728695;32,0565435476516;36,8234558298684;32,0760268403582;41,8852581766384
"Algic";"r0";0,969214657161586;32,4099407204742;37,8876898504243;32,4323293408964;40,75488979243
"Algic";"r0";0,970903528379606;32,0656634746922;40,4131708581799;32,0997813522814;35,747453222456
"Algic";"r0";0,958968559117532;30,4331965344277;35,5517811130636;30,4541171798445;42,9167983774282
"Algic";"r0";0,964097446470371;31,828545371637;37,9142389818736;31,8534187787633;39,7706254806675
"Algic";"r0";0,966517457917175;32,5421796625627;39,2613103640327;32,5696420496259;37,9133558935622
"Algic";"r0";0,962810724020626;34,031007751938;38,2436781609195;34,0482257508848;38,5118493400206
"Algic";"r0";0,965492540991411;30,9074327405381;43,2515541727883;30,9578855529315;33,9205904418369
"Algic";"r0";0,971379628373451;33,187414500684;42,1134266061066;33,2238968389895;33,4712308291849
"Algic";"r0";0,961532668059294;32,202462380301;38,1881318878294;32,2269269695688;37,8106409020238
"Algic";"r0";0,956657138484411;30,2941176470588;38,8984312633435;30,3292851414033;38,1854559718158
"Algic";"r0";0,970721885776765;32,3210214318285;38,4789560107164;32,3461901017695;40,5794915514421
"Algic";"r0";0,971341162545381;29,4049247606019;40,4100801172791;29,4499049596074;37,3586626759073
"Algic";"r0";0,972550633139955;30,4354765161879;42,3662169472212;30,4842397604564;35,3172516879675
"Algic";"r0";0,965632490406131;33,2558139534884;36,8143730974947;33,2703584731505;43,6799778560488
"Algic";"r0";0,972301179371897;30,4924760601915;39,8036931408982;30,530532805753;38,0951498066854
"Algic";"r0";0,961707542391191;30,7273141814865;40,7498311551548;30,768278147319;36,5554598033429
"Algic";"r0";0,96684490691031;33,4154126766986;36,2656500766604;33,4270621483606;44,536480252177
"Algic";"r0";0,97229185016337;33,1144550843593;40,1576201038996;33,1432418623683;36,5652147109645
"Algic";"r0";0,968279747660005;32,1431828545372;42,3595463755173;32,1849391087101;34,3619604848799
"Algic";"r0";0,970712650642241;31,2517099863201;37,0779771907419;31,2755230675371;42,2472389496003
"Algic";"r0";0,971933505175324;32,4008207934337;41,7028266707638;32,4388398910249;37,0903477096868
"Algic";"r0";0,97422054553779;32,9571363429093;38,1296613180461;32,9782774531619;41,2849769872012
"Algic";"r0";0,974135983883938;32,797537619699;40,8968807715329;32,8306412020635;38,0598100332127
"Algic";"r0";0,966214174009705;33,0392156862745;36,9678730670866;33,0552728690299;42,8113376958893
"Algic";"r0";0,972765934455195;33,3698130414957;38,7197290800437;33,3916791833426;41,5918064670224
"Algic";"r0";0,96800152225565;31,3360693114455;40,0089521376878;31,3715170614165;36,4475251529668
"Algic";"r0";0,971429025291885;33,0688554491564;35,3841077790261;33,0783183333384;45,4585459952796
"Algic";"r0";0,968059012181332;30,8139534883721;41,2238796224277;30,8565008703914;36,5514646991447
"Algic";"r0";0,970965176408365;30,7637938896489;39,2364615241808;30,7984233213976;39,193617530845
"Algic";"r0";0,979949951731008;32,9138166894665;40,5133011327809;32,9448772525863;39,0792161680575
"Algic";"r0";0,967730257168836;31,6552667578659;42,3016417160398;31,6987805519729;35,1718426675913
"Algic";"r0";0,975285473635763;32,5330597355221;37,5885076676365;32,5537223292501;43,9404154260805
"Algic";"r0";0,973716455181191;31,4705882352941;43,2967092059651;31,5189238795884;33,1226945275664
"Algic";"r0";0,955227861357569;29,9042407660739;35,6857789428872;29,9278710311017;42,6813298590041
"Algic";"r0";0,970348929591267;32,906976744186;36,9597557111169;32,9235412358765;43,7450646678474
"Algic";"r0";0,958403599531981;29,6260829913361;37,6776475031768;29,6589912931556;40,5785582553446
"Algic";"r0";0,962801857475646;28,5681714546284;37,5338115403451;28,6048157601558;40,6889413528854
"Algic";"r0";0,968212144462612;32,5034199726402;37,5140533325651;32,5238994005418;41,9044871852607
"Algic";"r0";0,974675466263653;30,8800729594163;44,9427271883412;30,9375497478179;31,8171436569809
"Algic";"r0";0,972192865174652;34,6169630642955;40,4352720882666;34,6407436188894;37,7249585996696
"Algic";"r0";0,966059623069949;30,1732786137711;38,1262453707705;30,2057839274918;39,9254486126559
"Algic";"r0";0,972658071531749;33,4929320565435;38,0151067323481;33,5114150593057;42,200294946822
"Algic";"r0";0,967628683534972;35,0433196534428;37,651285301376;35,0539789135842;42,2327542476614
"Algic";"r0";0,96950459950234;33,8052895576835;41,5720168876854;33,8370336748361;35,2605665695512
"Algic";"r0";0,978259369204965;35,5585955312357;37,9000732994683;35,568165603858;45,8792947145954
"Algic";"r0";0,967258184536647;30,1048791609667;40,3203231578307;30,1466316568667;35,6526117440824
"Algic";"r0";0,963244648913494;29,4619243046056;35,7938626899304;29,4878041617663;44,1445133067348
"Algic";"r0";0,978834595824313;33,1646146830825;40,7874629101489;33,1957707385065;38,8248615346651
"Algic";"r0";0,972679930679608;29,6215230278158;38,9518598539772;29,6596579194758;39,9264905617705
"Algic";"r0";0,97422311675395;30,8321933424533;39,8206115544289;30,8689307465894;38,8772032009399
"Algic";"r0";0,973310627422171;32,8408572731418;42,6197754923708;32,8808256037381;33,5418721111219
"Algic";"r0";0,963826260387473;31,1080711354309;37,4272155484497;31,1338987011517;40,2678714777542
"Algic";"r0";0,965503580595533;29,9749202006384;39,2210513512389;30,012710927412;35,7477537190193
"Algic";"r0";0,958593067216411;33,1919744642043;34,1639411427675;33,1959470800567;48,1376951090197
"Algic";"r0";0,970309066973772;31,812585499316;39,2887173233211;31,8431418964168;39,1775830329926
"Algic";"r0";0,973816117867958;31,8969448244414;38,7550587836129;31,9249752629666;40,4877398469545
"Algic";"r0";0,974807836850362;30,2279981760146;37,9826449905095;30,2596929177632;42,4145862225738
"Algic";"r0";0,968634500897869;31,5617875057;39,1029835124209;31,5926098327029;40,6672392823366
"Algic";"r0";0,972198909438065;31,2015503875969;38,6086365338634;31,2318245816552;40,471872575898
"Algic";"r0";0,96308352703785;31,1035111719106;35,9426842969493;31,1232898086615;44,2058415362458
"Algic";"r0";0,971719355180866;32,7063383492932;42,0452561800414;32,7445083131791;35,682472961188
"Algic";"r0";0,971863235264355;31,2061103511172;39,5070127425844;31,2400377450878;40,9841384044427
"Algic";"r0";0,966879959976848;29,7720018239854;39,5179519680427;29,8118354076805;37,5999198190874
"Algic";"r0";0,963683737217449;33,2672138622891;37,2418069439243;33,2834587931405;43,8678263555745
"Algic";"r0";0,952021442584194;30,6019151846785;38,3794018891418;30,6337032774761;38,0346503465445
"Algic";"r0";0,972248344509597;31,1924304605563;40,1093051914589;31,2288754526445;36,3733544658249
"Algic";"r0";0,974781078195266;33,6639306885545;39,3185646107606;33,6870422713428;39,189876457685
"Algic";"r0";0,960222901382274;29,2111263109895;42,6183645576265;29,2659242874744;33,9157729015082
"Algic";"r0";0,97015237619016;33,2900136798906;36,2383865154585;33,3020642500632;44,7186430856756
"Algic";"r0";0,965350436152131;32,6903784769722;36,4634959045122;32,7057999378477;42,7296906154288
"Algic";"r0";0,967758952968388;32,9480164158687;38,5636351414936;32,9709685360007;40,5946880311101
"Algic";"r0";0,972644216885558;31,4819881440948;41,3735360111646;31,5224168138513;36,167609630405
"Algic";"r0";0,964082380945394;27,9480164158687;39,1808537947679;27,9939271953465;37,7189902502337
"Algic";"r0";0,966187978048921;30,3214774281806;37,4261989584434;30,3505157995577;40,7579955355598
"Algic";"r0";0,968448879407382;31,8923848609211;39,8660072915366;31,9249745983759;40,0362977673559
"Algic";"r0";0,974779995103619;35,3374373005016;40,0833040455545;35,3568345760263;39,0609593498888
"Algic";"r0";0,96350946114655;27,9730962152303;39,1789742555623;28,0188968066758;39,1345159008801
"Algic";"r0";0,974722121159936;34,249886000912;42,3263241116841;34,2828959659424;34,7435784334512
"Algic";"r0";0,97465679005217;34,6511627906977;37,8505702314535;34,664239387867;40,9168816297326
"Algic";"r0";0,964772886112897;32,7792977656179;38,5830630215385;32,8030188770181;39,4731877611548
"Algic";"r0";0,96708002548768;34,3456452348381;37,8526034114661;34,3599788513638;41,7767767317838
"Algic";"r0";0,97447984633182;33,7232102143183;41,0576018590538;33,7531872918853;37,2632309187023
"Algic";"r0";0,979649846987694;33,9922480620155;40,2996840760906;34,0180277732447;38,9382470434411
"Algic";"r0";0,97293703131465;32,5991792065663;38,0851566976189;32,6216014578922;40,4018566127635
"Algic";"r0";0,96460259431106;33,4290925672595;37,7096534439547;33,4465880476819;38,6098478726637
"Algic";"r0";0,968230009006147;33,8166894664843;37,3578748915712;33,8311629763961;44,8738069089097
"Algic";"r0";0,970801911952571;32,1340629274966;42,1633445043003;32,1750545415707;34,8162187562661
"Algic";"r0";0,950703573090507;30,1664386684907;35,516113399719;30,1883038240679;42,5935852135698
"Algic";"r0";0,955135172072978;30,5699954400365;36,4041751889302;30,5938408613535;40,1385534406985
"Algic";"r0";0,971620744310515;32,5809393524852;39,622041054104;32,6097176973147;36,5571704278178
"Algic";"r0";0,973352456907236;33,5225718194254;38,8467644206301;33,5443328246075;39,7891184713555
"Algic";"r0";0,976100533900153;32,6288189694482;41,9465470829052;32,6669023268602;36,1466721181326
"Algic";"r0";0,974707252605795;32,34382124943;39,9462308389108;32,3748937681881;39,0377769735292
"Algic";"r0";0,97340619513471;33,5385316917465;38,5839131673372;33,5591531419192;40,9877089625777
"Algic";"r0";0,975662174981797;33,7300501595987;41,3740404651475;33,7612926267876;35,5930873556378
"Algic";"r0";0,967087559736887;33,5476516187871;40,0284542774561;33,5741399130323;35,7743399785945
"Algic";"r0";0,97141583899226;34,5371637026904;40,4862142585071;34,5614786232182;36,0678289841586
"Algic";"r0";0,969076250985477;31,1855905152759;37,7557123972127;31,2124438744664;41,8368895847007
"Algic";"r0";0,965901095422183;31,0282717738258;40,2307198391893;31,0658839593791;36,5340058409256
"Algic";"r0";0,951641773949179;30,4331965344277;34,0604410131331;30,4480217843407;48,0631985473422
"Algic";"r0";0,967403635864342;34,0674874601003;36,8319547271755;34,0787863726361;43,7683666873163
"Algic";"r0";0,96793932761623;33,8258093935248;36,4578521655352;33,8365670615303;44,5904856047971
"Algic";"r0";0,967933269140157;32,6447788417693;39,5758002925577;32,6731072673174;38,3386326977529
"Algic";"r0";0,974834998813222;34,500683994528;42,0516937298546;34,5315464321384;35,2736906068653
"Algic";"r0";0,977084366314773;33,9420884632923;43,6993915183873;33,9819684485311;32,8117464641342
"Algic";"r0";0,968701220659506;31,2220702234382;39,9246033346457;31,25763915986;38,4290635148479
"Algic";"r0";0,960487636885325;31,4044687642499;37,7050954333471;31,4302206443688;39,739854017053
"Algic";"r0";0,978058893848253;34,3616051071591;40,4843065518202;34,3866297724643;38,973263254502
"Algic";"r0";0,967849177685576;33,2877336981304;35,5127947582878;33,2968279531447;46,905946580096
"Algic";"r0";0,961343205365218;31,9516643866849;37,2467362531488;31,9733063697903;42,4413456232997
"Algic";"r0";0,965109817854402;31,2722298221614;40,9727742088299;31,3118778237418;36,2243803320604
"Algic";"r0";0,961135615417622;33,6981304149567;38,4503327283727;33,717553585175;37,3449627909019
"Algic";"r0";0,965781676627947;32,234382124943;39,7085254643633;32,2649303947226;37,3770305471723
"Algic";"r0";0,978804887284;32,6014591883265;42,5122576556333;32,6419665390103;37,3579598639197
"Algic";"r0";0,974234183363616;34,1495668034656;38,9637798199202;34,1692434234238;39,6976581081558
"Algic";"r0";0,96348249638113;33,3515731874145;38,6028161079583;33,3730360331388;39,0739424346286
"Algic";"r0";0,961618428749138;27,4646602827177;38,9927359906791;27,5117777583634;38,0558235352358
"Algic";"r0";0,968588659038858;32,5535795713634;36,715082725972;32,5705884398428;42,6031644235297
"Algic";"r0";0,972074514553109;32,9320565435477;39,8593008703112;32,9603695312592;40,0576580370792
"Algic";"r0";0,964589403546785;30,9074327405381;37,1342839858266;30,9328830862273;41,7126711548853
"Algic";"r0";0,966739518113842;32,9183766529868;39,0591984431065;32,9434753796494;39,0076546406489
"Algic";"r0";0,972227143649931;33,9808481532148;40,6351792636124;34,0080456918131;36,8144947472579
"Algic";"r0";0,967591498435375;34,1085271317829;37,5840981764757;34,1227324630283;40,3909827915093
"Algic";"r0";0,968662714252419;31,4911080711354;41,070866182058;31,5302623958395;35,9578137457165
"Algic";"r0";0,967094495286624;31,5503875968992;36,1410832317063;31,5691506580769;44,8503343519765
"Algic";"r0";0,965462268820564;30,9005927952576;38,3018081602474;30,9308429942971;39,0755587963822
"Algic";"r0";0,968215957413937;31,9927040583675;37,1409955284123;32,0137461215966;44,404833543342
"Algic";"r0";0,95721650880371;30,8983128134975;35,4168102247957;30,9167807865682;44,685906708791
"Algic";"r0";0,971635968963472;32,672138622891;38,3267747913846;32,6952502148603;39,1856325569096
"Algic";"r0";0,970929610809843;31,9448244414045;40,9967600994824;31,9818214536309;37,0754503437163
"Algic";"r0";0,968344965627873;31,1627906976744;39,8288953546062;31,1982107439562;37,9318105544215
"Algic";"r0";0,977143456400887;35,1709986320109;41,9280512904227;35,1986160134486;36,2644593284983
"Algic";"r0";0,957428078805346;30,9803921568627;36,8640477310774;31,0044397954495;40,5887261692909
"Algic";"r0";0,967838164788418;30,7751937984496;39,1041537432342;30,8092358690686;39,7063607654145
"Algic";"r0";0,968426233581334;33,5180118559052;38,814359013754;33,5396590513732;41,5408754168796
"Algic";"r0";0,974573157762035;35,2006383948928;37,8086314125032;35,2112977668994;44,2391650064642
"Algic";"r0";0,973474223357512;31,5389876880985;42,8987001347558;31,5854170305235;33,6463289869365
"Algic";"r0";0,969907280052613;32,9320565435477;38,3361494412916;32,9541441166992;40,7096715609925
"Algic";"r0";0,967752798808701;29,7583219334245;39,8389255386231;29,7995233105575;37,0750762394627
"Algic";"r0";0,966787982499456;33,1190150478796;40,2379460784784;33,1481114962336;38,2343542861979
"Algic";"r0";0,972901448898653;33,9466484268126;39,3991031217891;33,9689336639855;39,5657328074346
"Algic";"r0";0,969025675802376;32,3073415412677;40,3016557997804;32,3400158502262;37,6488990916022
"Algic";"r0";0,977050915098417;35,7318741450068;41,1358024691358;35,7539610455142;39,4350071631378
"Algic";"r0";0,965009225063381;31,0442316461468;43,3054897780851;31,0943457802011;32,3676829575468
"Algic";"r0";0,967272011156011;31,8513451892385;37,8913336982302;31,8760317907739;39,2016037216379
"Algic";"r0";0,968159148546573;33,3082535339717;37,3895889148158;33,3249347412504;41,0931713157884
"Algic";"r0";0,966964455646397;31,1080711354309;40,3447776529446;31,1458233419058;36,7601967627018
"Algic";"r0";0,971374663634862;34,4003647970816;37,2770393416491;34,4121223224681;42,9399843644965
"Algic";"r0";0,979436331972589;32,8682170542636;40,8091800382182;32,9006733062416;38,2462375472091
"Algic";"r0";0,962007017618549;32,8887368901049;37,1974277968228;32,9063473434021;40,8338668405604
"Algic";"r0";0,971565026532875;34,5850433196534;38,5251737261417;34,6011473948843;40,3968237168542
"Algic";"r0";0,963368646584508;33,2330141358869;38,5285051709734;33,2546578322156;39,9268765586858
"Algic";"r0";0,952429724869964;28,0984952120383;35,7053322962579;28,1295858268239;42,898422799885
"Algic";"r0";0,957941038149298;29,046967624259;34,5953619681387;29,0696449853375;45,2927808036891
"Algic";"r0";0,970066419301166;29,327405380757;37,2730574840678;29,3598807980729;42,0304508428444
"Algic";"r0";0,97031765796552;29,4345645234838;43,491041780697;29,492016065407;34,7692538819755
"Algic";"r0";0,968698806037134;33,7893296853625;39,0561077022057;33,8108560260308;38,8082268355335
"Algic";"r0";0,965668014220149;31,8513451892385;40,4004545207207;31,8862870529911;36,4259436395866
"Algic";"r0";0,971201821441115;33,5955312357501;38,0622565353358;33,6137876061844;42,2710027278639
"Algic";"r0";0,971047682552962;33,0141358869129;42,4031317117826;33,0525105292489;35,2297061035336
"Algic";"r0";0,97468291261552;32,4806201550388;40,6231082175426;32,5139000789999;35,6795006480061
"Algic";"r0";0,972407492492656;31,3041495668035;37,8139883553072;31,3307565373287;42,1559933679241
"Algic";"r0";0,974188568200444;34,0355677154583;39,1242166719481;34,056366008196;38,7428535857477
"Algic";"r0";0,975020318050081;32,0542635658915;39,4675014483847;32,0845629032859;37,8896314900236
"Algic";"r0";0,964135425638737;30,6657546739626;40,3194883761127;30,7052113512194;35,1195956088397
"Algic";"r0";0,965347999895295;31,7555859553124;38,9693672239347;31,7850700749389;37,47691289832
"Algic";"r0";0,972684347280203;34,4322845417237;38,7090817721187;34,4497646393956;41,0907601019074
"Algic";"r0";0,953753476598072;29,5440036479708;35,6262866617374;29,5688631153295;41,9541233353596
"Algic";"r0";0,96309326016977;31,3246694026448;37,7354394927293;31,3508714602337;39,0933339070661
"Algic";"r0";0,977324910547188;30,5335157318741;39,8629524001575;30,5716469444148;38,4122623082435
"Algic";"r0";0,965975275837245;31,1855905152759;40,9824971112327;31,2256323678479;34,7385740989553
"Algic";"r0";0,970469130899707;32,6219790241678;39,1700682101166;32,6487423314673;38,8505004791272
"Algic";"r0";0,970971484121022;33,1760145918833;37,8220442549541;33,1950038139394;40,4139957944122
"Algic";"r0";0,968102508351123;29,2042863657091;38,844764529459;29,243688865016;39,81518834854
"Algic";"r0";0,97080993047528;33,3926128590971;37,7072540866854;33,4102476325069;42,4561527767255
"Algic";"r0";0,964159034231305;30,7615139078887;37,8046085840399;30,7903003983907;38,0850652196803
"Algic";"r0";0,975426751610186;34,1792065663475;43,5878303677457;34,2176614320208;33,0776794790545
"Algic";"r0";0,970082479404692;32,7998176014592;36,5160820313875;32,8150066931346;43,0825871231937
"Algic";"r0";0,972633425998965;31,9197446420429;39,3698217446554;31,9501945484568;39,2345427840795
"Algic";"r0";0,955324725024361;29,3114455084359;37,2045055166652;29,3437059716848;40,4901854180509
"Algic";"r0";0,970435331712152;33,0483356133151;39,3110413325779;33,0739325031758;40,1628519951966
"Algic";"r0";0,972717311981688;31,5595075239398;39,0570961247307;31,5901516190384;38,8885625198859
"Algic";"r0";0,962708149740495;30,2599179206566;33,7644519984508;30,2742416294215;49,9874774896175
"Algic";"r0";0,972527443041913;33,3584131326949;39,6163281767638;33,3839904421394;40,8441053031838
"Algic";"r0";0,971859198222653;33,6000911992704;39,3519994110436;33,6236003608989;38,2575865111577
"Algic";"r0";0,962434655803893;31,265389876881;34,4859594708355;31,2785529678644;47,7918487441785
"Algic";"r0";0,971253844263948;32,047423620611;38,1693672239347;32,072445188472;39,8164925143073
"Algic";"r0";0,965017817772242;32,5809393524852;37,0839358933733;32,5993439704997;41,0351960398289
"Algic";"r0";0,960959401817358;33,9512083903329;36,2648562658242;33,9606647167995;43,2429720519147
"Algic";"r0";0,962715631909974;29,7127222982216;35,5538834314394;29,736596253807;43,9428029445838
"Algic";"r0";0,979251733605488;33,5339717282262;46,519363542957;33,5870455367332;31,606384334967
"Algic";"r0";0,972722220810416;33,9306885544916;40,4102235153657;33,9571716674107;38,1286447079186
"Algic";"r0";0,968377614375052;32,8841769265846;37,3327238914656;32,9023589986481;41,2865711821556
"Algic";"r0";0,974273450404364;29,0218878248974;41,3496064554746;29,0722735958671;37,3762237975408
"Algic";"r0";0,961108830842535;31,7213862289102;36,8237477474017;31,7422405675416;42,5095152684181
"Algic";"r0";0,955950558222305;29,813041495668;37,2053505411037;29,8432552928565;39,0839104775391
"Algic";"r0";0,973684278526641;31,8832649338805;40,3183181452994;31,9177406282051;37,4719998423264
"Algic";"r0";0,974778491978667;31,7601459188326;42,5171869648579;31,8041120266502;34,8513365200547
"Algic";"r0";0,972755290740201;32,3392612859097;41,8398589065256;32,3780920663754;35,2288621952499
"Algic";"r0";0,949479931114415;28,1896944824441;34,7572302403518;28,2165372716454;43,6859103451478
"Algic";"r0";0,964145199676193;32,6766985864113;39,2194688509268;32,7034401542499;39,4594939028731
"Algic";"r0";0,970398354936492;33,812129502964;38,669900805654;33,8319841540649;41,7595286808508
"Algic";"r0";0,965237074442325;31,6643866849065;36,4195802405119;31,6838220809104;40,8841865637312
"Algic";"r0";0,972247763386826;31,8878248974008;35,9434371369036;31,9044009692244;46,307353083106
"Algic";"r0";0,972377095792244;31,0123119015048;40,294291283765;31,0502491469364;37,537391664021
"Algic";"r0";0,968064410529397;32,7587779297766;36,5817634763793;32,7744032113022;45,1994294017915
"Algic";"r0";0,972731045313926;34,0492476060192;38,540197236386;34,0676029859798;43,6294307546103
"Algic";"r0";0,972458095161439;33,4883720930233;39,3328071135694;33,5122594296195;38,7512792550237
"Algic";"r0";0,958740432260664;31,7054263565891;34,2885950508455;31,7159842667837;45,2758896995554
"Algic";"r0";0,969107080775001;28,7095303237574;36,8593053515014;28,7428400309553;42,7917829573453
"Algic";"r0";0,967365250981321;31,3064295485636;39,7118441057945;31,3407841039746;37,7462132600234
"Algic";"r0";0,971709176537338;32,7929776561787;40,9560939385501;32,8263418916653;37,4720962928092
"Algic";"r0";0,963457917168868;31,6484268125855;35,9862747545748;31,6661564363266;44,5573485803313
"Algic";"r0";0,971964329619926;29,2704058367533;38,6933719996031;29,3089193224325;42,2678121694456
"Algic";"r0";0,964553085853291;33,8349293205654;40,4861169526626;33,8621140111598;35,3509607702249
"Algic";"r0";0,97410991821258;33,6981304149567;39,4786122394108;33,7217563624681;39,8514730964624
"Algic";"r0";0,971330346048045;33,3606931144551;38,439649570926;33,3814517920701;40,1640011729947
"Algic";"r0";0,959963274692612;32,3255813953488;36,2091563519271;32,3414543175147;41,6246747301434
"Algic";"r0";0,962054321124562;31,0852713178295;40,2250991463333;31,1226275623601;38,3418398344067
"Algic";"r0";0,975402980232488;32,3141814865481;36,3598165272696;32,3307167796301;45,9671408116979
"Algic";"r0";0,963473200775185;32,3347013223894;37,9129663238556;32,3575007706243;39,0463387516113
"Algic";"r0";0,963914937430218;31,1673506611947;35,057782387002;31,1832516083029;45,8210377614954
"Algic";"r0";0,967405904612873;33,5134518923849;36,0818803074096;33,5239495562065;46,0724421369527
"Algic";"r0";0,968465426342523;30,0091199270406;38,2415758425438;30,0427675670222;39,582287935891
"Algic";"r0";0,972453148421501;33,5408116735066;40,533105432803;33,5693905308334;37,5976214889145
"Algic";"r0";0,969473346650758;33,8987688098495;39,533369823025;33,921798514263;38,9045280386369
"Algic";"r0";0,95934022493903;31,6917464660283;38,4114078299196;31,7192110220115;36,1450448247844
"Algic";"r0";0,965181357369644;32,3917008663931;38,5295780959423;32,416787558067;38,5383442003956
"Algic";"r0";0,956468306320218;30,8572731418149;36,4573835610738;30,8801618764985;40,4539187181567
"Algic";"r0";0,962512074301292;31,4455084359325;35,0246574290131;31,4601371102912;46,1951484676271
"Algic";"r0";0,964852761147977;30,9028727770178;36,4242176322031;30,925439581603;42,0228112878232
"Algic";"r0";0,966439571946381;30,8002735978112;37,0924245479599;30,8259908360271;40,9549809053241
"Algic";"r0";0,970480529751473;33,8394892840857;41,5360803029285;33,870946740566;34,9080338752095
"Algic";"r0";0,96948741210802;30,4673962608299;37,6217709023517;30,4966375740786;41,0279126347913
"Algic";"r0";0,975330542330826;33,0551755585955;40,3999423846974;33,085195041536;37,6761922361902
"Algic";"r0";0,963190673777395;29,5576835385317;39,4088644343938;29,5979472206674;37,7835579135
"Algic";"r0";0,966116359956861;30,7729138166895;37,2152501304346;30,7992448915413;41,0610529710096
"Algic";"r0";0,972032135706592;33,7209302325581;37,3055730001889;33,7355813610362;44,7292276659022
"Algic";"r0";0,968154142615521;31,030551755586;37,2786858589641;31,0560890884336;42,0888350906128
"Algic";"r0";0,957202369244915;28,8326493388053;38,4900719231028;28,872121093237;38,4940030688434
"Algic";"r0";0,964037173394364;33,4199726402189;38,3970475358255;33,4403149081846;38,6481387547374
"Algic";"r0";0,967655558886344;33,2786137710898;37,9377460253443;33,297656545971;41,165558547821
"Algic";"r0";0,971832803227391;33,4974920200638;40,8981892790725;33,5277401015039;37,4900673289732
"Algic";"r0";0,966738266410645;32,7929776561787;37,7121270609474;32,8130831714571;40,1500016719714
"Algic";"r0";0,961477774059951;31,6552667578659;41,1691220388135;31,6941517249543;34,8333188986409
"Algic";"r0";0,96925307025882;33,4906520747834;38,1355508823143;33,5096366748142;41,7532125700176
"Algic";"r0";0,968396610107242;32,5034199726402;41,6178223336118;32,5406722983663;35,2625232029807
"Algic";"r0";0,969881070870006;31,9858641130871;39,540373283144;32,0167408535642;38,8882304217402
"Algic";"r0";0,961875311016685;31,0237118103055;37,6281111463205;31,0507052680821;41,386104194336
"Algic";"r0";0,972259489654703;33,3014135886913;37,6333656619198;33,3191191148762;42,3108555364813
"Algic";"r0";0,978261975901375;35,1709986320109;42,4669310568887;35,2008185193061;35,5447501909816
"Algic";"r0";0,953040762768778;29,0743274053808;37,9308398710698;29,1105256852133;37,8997664172341
"Algic";"r0";0,966519618195725;30,7295941632467;38,258353418668;30,7603656588411;40,3976250280013
"Algic";"r0";0,973843019833921;31,9151846785226;39,6808265875417;31,9469243593496;38,4299984508031
"Algic";"r0";0,970893155143737;32,3552211582307;42,8559034879664;32,3981394783795;33,3922766902051
"Algic";"r0";0,964308987260685;32,3324213406293;38,2664861387184;32,3566750114662;39,2354209765609
"Algic";"r0";0,957688407978074;29,4140446876425;35,3499943985122;29,4383060624826;42,9126590141959
"Algic";"r0";0,974417805255676;29,7218422252622;36,5659512766591;29,74981542302;44,1221345252403
"Algic";"r0";0,964114822917397;31,1855905152759;41,2336204495914;31,2266587575142;33,3310756804502
"Algic";"r0";0,967569136431467;31,8627450980392;38,0781583588601;31,8881486944731;40,3421698560465
"Algic";"r0";0,964248354231076;29,9179206566347;37,1222257431574;29,9473660452718;41,2137211514399
"Algic";"r0";0,979131415704383;35,5266757865937;42,0507053073296;35,5533407573869;36,545853905721
"Algic";"r0";0,974686942916061;33,6753305973552;43,0670187601827;33,7137162437973;34,2004009282517
"Algic";"r0";0,96610812187659;28,6320109439125;40,0308689988061;28,6786002820115;36,7265356890621
"Algic";"r0";0,968498347706501;32,2389420884633;38,9025104267693;32,2661773813991;38,6919697111395
"Algic";"r0";0,969901296011904;32,3529411764706;42,1587941757331;32,3930195947237;35,0857679635277
"Algic";"r0";0,978621647033714;32,1682626538988;43,6140389287395;32,2150437558395;31,6035679478233
"Algic";"r0";0,976746986530896;32,2070223438213;43,8164017963171;32,2544721235998;33,1503825748535
"Algic";"r0";0,959293005591564;32,2480620155039;37,3283758566275;32,2688262410126;38,9482008201964
"Algic";"r0";0,958498227907669;28,3629730962152;37,8767608676865;28,4018577873793;40,0029046612124
"Algic";"r0";0,963678584645129;35,3488372093023;37,8487316631297;35,3590547615659;41,2579251541299
"Algic";"r0";0,97383067217655;33,2238942088463;36,9593844125;33,2391618799784;43,5120137435331
"Algic";"r0";0,966750247877647;30,2097583219334;37,1402017175762;30,2380843848584;42,396901324167
"Algic";"r0";0,965266245468286;31,609667122663;36,8734326237049;31,6311811505964;41,8885370079595
"Algic";"r0";0,970687767581333;32,047423620611;38,5348735824235;32,0739390836702;39,8193064521882
"Algic";"r0";0,965736082485119;31,139990880073;41,828474122727;31,1836767788849;34,9921452089859
"Algic";"r0";0,963301292281681;31,2266301869585;40,2986060297615;31,2637091072969;35,5092017623566
"Algic";"r0";0,963641162163649;30,4103967168263;35,191723881863;30,4299389259477;47,2877873917756
"Algic";"r0";0,969699296672632;32,3689010487916;38,9433302285087;32,3957720127414;39,8834246728279
"Algic";"r0";0,967608713974859;32,6630186958504;39,1381134829411;32,6894836609203;37,3341226566813
"Algic";"r0";0,975810479821394;32,8978568171455;39,7970430546353;32,926055126018;39,3998642929908
"Algic";"r0";0,974419882703439;32,9183766529868;39,6538011695906;32,9459056360247;39,1301100150994
"Algic";"r0";0,967327042202751;30,3191974464204;40,5170013155494;30,3608778437057;37,1940643129813
"Algic";"r0";0,96330701830969;31,922024623803;39,0172186532743;31,9510240544412;38,3307034197208
"Algic";"r0";0,968583102668098;28,2079343365253;36,2077454171828;28,2406311120593;44,2246967843869
"Algic";"r0";0,964847137219607;34,0173278613771;37,8206896551724;34,0328729368286;41,0495194494956
"Algic";"r0";0,965430084197625;33,0278157774738;40,2667486084304;33,0574026964014;35,3434748236943
"Algic";"r0";0,965073311466306;31,5367077063384;38,3733535627062;31,5646504005742;39,5820829469149
"Algic";"r0";0,97548317041122;33,8508891928865;42,7830316532071;33,8873965871384;34,8571871610544
"Algic";"r0";0,97654949977829;32,421340629275;37,9845245297151;32,4440784381324;43,5124866487894
"Algic";"r0";0,979803013902425;33,969448244414;42,1626889701905;34,0029356043287;36,0065738221256
"Algic";"r0";0,966255509095746;33,3926128590971;36,3172964339329;33,4045666066782;42,2187029216764
"Algic";"r0";0,969703044214635;34,7948016415869;37,1158445283067;34,804288192895;43,360629217263
"Algic";"r0";0,966277311011575;31,516187870497;39,2354167666932;31,5477378523616;37,901442986849
"Algic";"r0";0,968823666673043;31,828545371637;36,0533594522705;31,8458130041192;46,3822940745147
"Algic";"r0";0,971220264624927;31,9243046055632;39,3503196048871;31,9546561655059;39,587596153747
"Algic";"r0";0,969009733984682;30,8207934336525;41,1451028593194;30,8629908836212;35,372784444357
"Algic";"r0";0,975788123062888;34,3547651618787;38,7327757452379;34,372658938105;40,2571288187264
"Algic";"r0";0,961972274219803;32,7086183310534;35,4418587976967;32,7197896136146;45,4040647204518
"Algic";"r0";0,953769466263963;28,2307341541268;35,8192928041688;28,2617500614158;41,3092668445718
"Algic";"r0";0,972164391811646;33,4655722754218;40,0514568669439;33,4924900598558;39,3559311812117
"Algic";"r0";0,972251715676013;34,0606475148199;41,1334671288694;34,0895554968937;37,6578807195939
"Algic";"r0";0,97046810971631;30,1048791609667;41,0652557319224;30,149676340412;36,3701077077688
"Algic";"r0";0,967994628112619;30,7067943456452;36,9419180134244;30,7322785023255;41,2964352035747
"Algic";"r0";0,969967615177893;32,6835385316917;40,7790638793664;32,716626509952;36,4096569481545
"Algic";"r0";0,963888512433;31,09439124487;36,3816155971026;31,1160011536666;43,1500412614037
"Algic";"r0";0,965918576039308;35,0182398540812;37,3219383068143;35,0276555153321;44,6319388669429
"Algic";"r0";0,97536451386697;31,6780665754674;39,6648786717752;31,7107102216376;39,3251471155941
"Algic";"r0";0,966990402303376;29,8176014591883;37,8215244368904;29,8503150408411;39,0458699844681
"Algic";"r0";0,967223835233286;35,7318741450068;39,446782985561;35,7470576961263;39,3884738598178
"Algic";"r0";0,954174440060886;30,1687186502508;36,961625007602;30,1964825726923;39,3274183337002
"Algic";"r0";0,949410783233249;29,671682626539;35,7135930503142;29,6963770833119;42,8958839559032
"Algic";"r0";0,963652871561724;32,4304605563156;36,2147591200223;32,4459277166577;42,3777604920064
"Algic";"r0";0,9605813126643;27,4099407204742;37,5559998335558;27,451409626931;40,406274895046
"Algic";"r0";0,975209642178516;32,0200638394893;39,885138132688;32,0522099197067;40,1111842579145
"Algic";"r0";0,973553669519323;34,2544459644323;38,9248907709888;34,2735349759032;40,6346861348388
"Algic";"r0";0,970821992815343;35,93707250342;38,6924757615623;35,9483343695977;44,134689540335
"Algic";"r0";0,968351225967662;31,5663474692202;39,6567613158055;31,5994145557867;38,3290437622422
"Algic";"r0";0,968438825100436;31,7897856817145;36,6930557556087;31,8098262950956;43,7770767576038
"Algic";"r0";0,971236516593902;31,2266301869585;36,7399187624233;31,2491640639699;45,2470225617132
"Algic";"r0";0,964932161653382;33,0164158686731;37,3264399824593;33,0340317710455;39,8031169765779
"Algic";"r0";0,976021229344108;33,0642954856361;42,0987974406002;33,1012212429452;36,1837922646653
"Algic";"r0";0,979242263307573;34,8837209302326;41,5854860650989;34,9111123408655;38,7086990743652
"Algic";"r0";0,965616137489518;32,530779753762;38,824017899154;32,5565014355551;39,0532123325864
"Algic";"r0";0,965230120717412;31,3679890560876;37,6101966282245;31,3935021660554;40,9048035887037
"Algic";"r0";0,953521866595115;29,8791609667123;37,4652134807005;29,9101666309384;39,0482994405384
"Algic";"r0";0,969799125278967;30,8983128134975;36,4878249263004;30,9211582308523;42,1183831095202
"Algic";"r0";0,961075722751192;32,0132238942088;39,105708076065;32,0422122491756;38,7406772528041
"Algic";"r0";0,973299811113635;32,1386228910169;37,9079960437492;32,1622034352378;41,1578358551822
"Algic";"r0";0,969788783545041;31,5481076151391;40,725860628583;31,5856188672376;37,3332229723106
"Algic";"r0";0,973114241334647;32,0975832193342;39,1545479279297;32,1264263993421;39,5372233370069
"Algic";"r0";0,971915894256305;32,8636570907433;37,9061625967857;32,8842667862721;42,0083199825649
"Algic";"r0";0,973138450760659;29,890560875513;38,2684015274457;29,9248027310386;41,4593614740852
"Algic";"r0";0,970423838548814;34,452804377565;39,7849284770035;34,4745978003147;38,4997457647533
"Algic";"r0";0,978220740790167;33,4518923848609;37,7269508381426;33,4693653758144;41,7673410822796
"Algic";"r0";0,97022104753238;31,9767441860465;37,1902015575337;31,9980525949218;42,724924258068
"Algic";"r0";0,958109354038188;30,3533971728226;36,1177707999245;30,3769572830151;43,067126609072
"Algic";"r0";0,962830132943679;32,0770633834929;40,7935624501868;32,1126894014767;35,6873292837096
"Algic";"r0";0,977131002644861;31,6073871409029;43,7449869885442;31,6569958596262;33,3319727430505
"Algic";"r0";0,955412961725391;32,7428180574555;34,3279578255985;32,7492968303499;48,6903438277649
"Algic";"r0";0,971287895175532;30,9074327405381;40,4997858631252;30,9466385434914;36,709292013367
"Algic";"r0";0,96623452328496;34,3388052895577;38,2063203986979;34,3546125720201;40,2518864707075
"Algic";"r0";0,973618321547646;35,141358869129;39,2461972299843;35,1581361376339;40,7079691965521
"Algic";"r0";0,974045355030609;32,8476972184222;41,6008911166806;32,8834732152816;37,8699871495454
"Algic";"r0";0,974542648509208;33,2079343365253;38,6929443660236;33,2303526336486;41,3259956494096
"Algic";"r0";0,964758636917094;31,5321477428181;37,5548167993419;31,5567635564006;40,280671658228
"Algic";"r0";0,969334186596106;32,4167806657547;38,1879372761405;32,4403684993121;41,7902281380739
"Algic";"r0";0,968432710937026;31,8262653898769;41,533017729509;31,865938764562;37,0591377155365
"Algic";"r0";0,963770300422952;30,093479252166;37,0909675209736;30,1220793404581;41,4119039463191
"Algic";"r0";0,961624526958562;31,6028271773826;35,772755003729;31,6198704791251;42,4678046774495
"Algic";"r0";0,974765635288016;31,5663474692202;41,2188939782406;31,605799294189;35,3432889168876
"Algic";"r0";0,964553229584797;31,9835841313269;40,0236837303988;32,01644557383;37,0617417540612
"Algic";"r0";0,973134497599785;34,233926128591;41,8122803816694;34,2649003285354;36,1991110217809
"Algic";"r0";0,973086335152881;31,9516643866849;40,0049139451438;31,9845795756159;36,9232402494996
"Algic";"r0";0,96645661670586;31,0556315549476;37,6884894227907;31,0827413282494;40,014949980358
"Algic";"r0";0,966996841546365;30,5791153670771;39,8575596078318;30,6170381637014;36,8317113455451
"Algic";"r0";0,981788429764557;31,9881440948472;42,6220365729138;32,0316068706432;35,0592226718847
"Algic";"r0";0,977890287170006;31,9174646602827;39,9867587231169;31,9504454262071;39,9096296286622
"Algic";"r0";0,968367434591804;31,1491108071135;39,6460730369986;31,1838395355736;37,7980226161214
"Algic";"r0";0,972832317014984;31,062471500228;38,1481340644075;31,0914319739236;42,437758934719
"Algic";"r0";0,969810420998597;34,2954856361149;39,4886654695487;34,3167111667693;38,6671462922992
"Algic";"r0";0,962090333693977;32,9160966712266;38,7684152911013;32,9400162296185;38,3260406932585
"Algic";"r0";0,96794288488559;31,171910624715;38,6521808992468;31,2024839364638;40,8759070604006
"Algic";"r0";0,971565884964939;34,8062015503876;41,25971377998;34,8325783033696;37,4130546066297
"Algic";"r0";0,97623713797524;30,5836753305974;39,8402955024855;30,6215089280301;39,8155396690575
"Algic";"r0";0,968840162567763;34,0811673506612;40,0741291286966;34,1056617448493;39,508071595239
"Algic";"r0";0,966135409772359;31,4500683994528;37,0575736915725;31,4729873584124;41,2439914426183
"Algic";"r0";0,967968244901739;31,4386684906521;40,3060191986992;31,4749110684779;36,2007521500632
"Algic";"r0";0,969598640755825;31,7897856817145;35,4420534093855;31,804713206487;46,7699267126718
"Algic";"r0";0,969025842313528;31,7305061559507;43,9270718302781;31,7803558794153;32,9692365265537
"Algic";"r0";0,958888407006889;29,5599635202918;37,209857338109;29,5912301162775;41,8992774993107
"Algic";"r0";0,975863469879866;34,3068855449156;38,543556848699;34,3242016401627;41,5225908733291
"Algic";"r0";0,972925474107122;32,4829001367989;41,5172746681519;32,5198253733031;35,9033458619568
"Algic";"r0";0,960699116571466;31,3953488372093;40,3782278173083;31,4320636014331;35,623162372083
"Algic";"r0";0,959450533404014;30,9119927040584;36,7836193292939;30,9359911780035;42,5503909113818
"Algic";"r0";0,976454926623309;34,0332877336981;42,3343031909275;34,0672155897903;35,5104659429175
"Algic";"r0";0,963706282268966;28,9078887368901;38,9053322962579;28,9487502228276;39,308992842196
"Algic";"r0";0,971143298765176;32,5262197902417;37,5920260421168;32,5469247204265;40,4924267033765
"Algic";"r0";0,96597743890437;33,2147742818057;38,6304919386589;33,2369093675967;40,8082072701394
"Algic";"r0";0,957319275568803;30,7273141814865;36,9433443122493;30,7527202991872;41,5139501272225
"Algic";"r0";0,973157923911702;29,1108071135431;37,8166565839887;29,1463896045667;41,9304105982607
"Algic";"r0";0,966410384251541;31,2403100775194;38,1378811012205;31,2685017847007;39,2419268131158
"Algic";"r0";0,976063031629513;32,2799817601459;39,8450660495428;32,3109017231816;38,408176962098
"Algic";"r0";0,974784872548361;32,6288189694482;40,3133939574351;32,6602273140858;38,3535579936752
"Algic";"r0";0,977101841477827;32,0633834929321;42,008628211653;32,1040316321094;36,239763954952
"Algic";"r0";0,960466327592735;32,234382124943;35,2171719208622;32,2465733638909;43,8510993845549
"Algic";"r0";0,961933395869987;31,5503875968992;37,2919040897262;31,573854285562;41,4139087648733
"Algic";"r0";0,962807318130457;30,8983128134975;36,9741518547326;30,9231459430938;43,130549151387
"Algic";"r0";0,966241191846144;32,672138622891;37,0539016762852;32,6900477361883;42,1663412049981
"Algic";"r0";0,964102445916598;31,40674874601;36,6256176840569;31,4280792730048;41,5053515366143
"Algic";"r0";0,970748967254678;31,2197902416781;40,2623032677479;31,2567487417846;36,4765745983127
"Algic";"r0";0,962837508346025;30,3647970816233;41,1006264063735;30,4086764930324;35,7479402365975
"Algic";"r0";0,963622269739409;33,8554491564067;39,1658866194861;33,8771539416782;38,4491268834235
"Algic";"r0";0,972392799159592;31,1491108071135;40,8417518893018;31,1887265063595;36,4527059005075
"Algic";"r0";0,967427755848261;32,4304605563156;38,3174872046015;32,4545219731342;40,8100896140871
"Algic";"r0";0,971799956474777;33,312813497492;38,3384105218346;33,333354084785;42,1231281986349
"Algic";"r0";0,964054050319792;30,6429548563612;35,5241616173256;30,6629052927139;43,4186344106739
"Algic";"r0";0,966219777205637;33,7802097583219;40,0938258801538;33,8060147288471;37,790234665865
"Algic";"r0";0,974640363456274;32,7017783857729;38,7124157776305;32,7263450236143;40,8929607761472
"Algic";"r0";0,968165991276502;31,1810305517556;37,3264451038196;31,2061480499248;40,9387881630202
"Algic";"r0";0,966174206075375;33,1121751025992;37,1189352692075;33,1285515065499;43,2369173923251
"Algic";"r0";0,960180515434987;31,5823073415413;38,5796009820208;31,6109066343498;38,7719183459182
"Algic";"r0";0,967240665297888;35,4605563155495;38,8144153487166;35,4742641862572;41,942873210964
"Algic";"r0";0,966707753772822;32,5809393524852;37,2741995473998;32,6001216148622;41,3629376274241
"Algic";"r0";0,967111540959712;32,1728226174191;38,3315453384419;32,1979945086494;38,2485316949375
"Algic";"r0";0,968207616133237;33,515731874145;38,1675901119337;33,5347449187136;41,7992555584244
"Algic";"r0";0,960403501737146;31,046511627907;38,9846749696719;31,0789564372057;38,1235910509586
"Algic";"r0";0,96931708671506;31,0282717738258;37,6831376013469;31,0554714979165;40,6950200268129
"Algic";"r0";0,969287921523913;33,4587323301414;40,9962402814187;33,4895395833482;36,7039946824436
"Algic";"r0";0,974783678581986;33,9808481532148;37,3304832963635;33,9945387600669;44,336806907971
"Algic";"r0";0,972605348332926;34,2156862745098;40,0030395272984;34,2393403068782;39,0945129144634
"Algic";"r0";0,96630108834912;33,0916552667579;40,5639180966465;33,1221958505313;36,0463914884399
"Algic";"r0";0,964277679050317;31,6233470132239;38,0222817580349;31,649500697467;38,8106194848808
"Algic";"r0";0,962446143734086;32,1842225262198;38,4300751879699;32,2097505343741;38,233123039759
"Algic";"r0";0,973908903176611;32,7542179662563;37,7284642000915;32,7745486729341;43,1676203682877
"Algic";"r0";0,965632012976951;33,5043319653443;37,5164936607163;33,520730446388;41,4278690839153
"Algic";"r0";0,971701292725344;34,391244870041;39,6025286716152;34,4125443951156;38,3964967824456
"Algic";"r0";0,969796319373839;32,1956224350205;39,3914492489205;32,2250331713171;39,5975140148963
"Algic";"r0";0,957228458141322;28,8873689010488;33,9299205869079;28,9079787853234;45,8453495436482
"Algic";"r0";0,975376702521795;32,562699498404;41,0790398729903;32,5975074290903;37,2523552485183
"Algic";"r0";0,978418342138865;30,4559963520292;42,9577647823262;30,5070934982021;35,0555863277899
"Algic";"r0";0,974502909597874;32,5421796625627;40,4456786922607;32,5744827921119;38,5610058634964
"Algic";"r0";0,965570502602723;30,4742362061104;38,7490847169008;30,5080571128302;38,7939946113639
"Algic";"r0";0,968641340193626;32,9616963064296;37,859253497729;32,9817135701542;41,6787779776102
"Algic";"r0";0,970528749934743;33,59325125399;37,1566131164437;33,6078154032916;44,1121079428067
"Algic";"r0";0,9785352301422;32,8203374373005;41,1857280493699;32,8545284071046;36,2881285496862
"Algic";"r0";0,972021464942902;30,9051527587779;37,770077812667;30,9332110355649;42,301608400193
"Algic";"r0";0,962712523051467;30,6931144550844;35,7732236081903;30,7138778439935;44,7598900026769
"Algic";"r0";0,970031671705778;30,4309165526676;37,7880896366075;30,460986742384;41,9543045005264
"Algic";"r0";0,954556492934357;31,4181486548108;36,7796374717125;31,4400620968417;42,1068712302541
"Algic";"r0";0,970331104705913;30,7136342909257;38,4581863342904;30,7452877733917;40,0757584522019
"Algic";"r0";0,974199445969714;30,827633378933;37,9585157017704;30,8567786745304;40,832085090924
"Algic";"r0";0,961202255493436;30,296397628819;34,8961983502818;30,3151979042473;44,4400830759921
"Algic";"r0";0,965699139808777;32,9594163246694;40,0356113783821;32,9883381028181;37,1214428069819
"Algic";"r0";0,96940894832537;31,906064751482;37,9796438734128;31,9308886443509;41,6605342433605
"Algic";"r0";0,976680590946461;33,2535339717282;37,8377796342709;33,2722706706215;42,2591079444409
"Algic";"r0";0,970040283276452;31,7419060647515;38,0076935634104;31,7675155504408;40,4622576972178
"Algic";"r0";0,963218363493144;31,1810305517556;39,963162055842;31,2169248222083;36,2910258689187
"Algic";"r0";0,965390202989782;28,7779297765618;37,288716042981;28,8127150065335;42,8886861897047
"Algic";"r0";0,967186007958724;27,140902872777;39,9538334981771;27,1932717990389;39,2176320108968
"Algic";"r0";0,963736600151161;29,5508435932513;40,3329473108057;29,594912137056;36,972873492489
"Algic";"r0";0,96520004943848;32,1819425444596;35,5104927068629;32,1955469729163;45,9571962250174
"Algic";"r0";0,976552872786473;32,1340629274966;42,3437802680392;32,1757920174443;34,6167853414409
"Algic";"r0";0,978486631158857;31,4911080711354;40,6516009052004;31,5285487775417;39,5688774662765
"Algic";"r0";0,966000251048064;32,6356589147287;39,3915055838831;32,6632713670549;37,5988201720408
"Algic";"r0";0,972034427260692;30,3191974464204;40,5998700454841;30,3612165442368;38,6975158747039
"Algic";"r0";0,971190711893549;31,2631098951208;38,3586270913555;31,2921106466041;41,0076389776193
"Algic";"r0";0,974488077591194;28,7460100319197;40,4808829225042;28,7939727276578;39,0724188840177
"Algic";"r0";0,961062825103014;30,5699954400365;36,3552943661837;30,5936410759744;41,8590146381952
"Algic";"r0";0,967391806148628;28,2147742818057;41,0047238146452;28,2670492798964;35,3765159087631
"Algic";"r0";0,959876991130135;28,921568627451;35,6610402122804;28,9491141516397;43,8540668195711
"Algic";"r0";0,971185546741596;31,8832649338805;37,7225874392239;31,9071313746381;40,3771599963509
"Algic";"r0";0,961792526820589;32,4350205198358;37,5209594868397;32,4558077363222;42,0128773574782
"Algic";"r0";0,974055202570433;32,375740994072;37,4756328880951;32,3965852388705;44,0717559561541
"Algic";"r0";0,977067138740855;36,8536251709986;40,862721298777;36,8700111224746;39,3979821326839
"Algic";"r0";0,963675785387324;32,1842225262198;39,3368504274735;32,2134567002031;37,3142299848754
"Algic";"r0";0,964269001857158;30,8891928864569;35,4446806671852;30,9078120463236;44,0740580587014
"Algic";"r0";0,967440667704664;28,4564523483812;42,3157715489234;28,5130980671845;34,9913329125246
"Algic";"r0";0,973580893602859;31,7099863201094;37,8624005735923;31,7351324274125;40,5306651939772
"Algic";"r0";0,972807480736355;33,9170086639307;38,6058709993374;33,9361729514051;40,1910226581156
"Algic";"r0";0,960198485343882;30,78203374373;38,6075047132518;30,8140179575019;37,8370654694653
"Algic";"r0";0,962694481361346;31,4227086183311;36,8346229558571;31,4448281592201;42,9340524086751
"Algic";"r0";0,964408667910995;32,3255813953488;36,0509600950012;32,3408077388079;43,4548408092253
"Algic";"r0";0,974703989661733;29,8609211126311;39,1305210663952;29,8988077609435;38,6575258145786
"Algic";"r0";0,980305539384525;33,2945736434108;41,9225279034111;33,3298377616397;36,170971297402
"Algic";"r0";0,967237757813263;30,3488372093023;40,0282827118883;30,3883989756617;37,5744838132993
"Algic";"r0";0,969894170918217;32,4760601915185;40,2621496269409;32,5078834453417;36,4782705713439
"Algic";"r0";0,971037967114158;31,735066119471;37,5019950898959;31,7586366738461;40,8739379067408
"Algic";"r0";0,962050680753364;31,8011855905153;39,8760323541933;31,8341890514022;35,9684221247497
"Algic";"r0";0,97160984706194;33,2854537163703;39,7283476891462;33,3117870704824;38,4755118013811
"Algic";"r0";0,979406495604859;34,4208846329229;41,678858704872;34,4505493770862;38,5134951933381
"Algic";"r0";0,96696059025217;32,3575011399909;38,6111613644584;32,3830610591645;38,5961915042293
"Algic";"r0";0,971693404734778;32,65617875057;38,4283800177327;32,6797708538418;38,6663663870623
"Algic";"r0";0,972345552725029;33,8463292293662;38,252732725812;33,8643390529211;40,0647810005458
"Algic";"r0";0,974230459386146;33,7710898312814;39,2206032322185;33,7933630468165;39,8933765530041
"Algic";"r0";0,969446627702908;34,0538075695394;39,9995211528182;34,078108851215;36,9940504333974
"Algic";"r0";0,982716663160062;34,327405380757;38,7995352365588;34,345683840658;42,0048820887569
"Algic";"r0";0,973783339557247;31,500227998176;44,762854774228;31,554434919604;33,6856912366103
"Algic";"r0";0,976576404765745;35,7592339261286;40,0261394226306;35,7766735943704;39,4069904053986
"Algic";"r0";0,970020884374488;32,3894208846329;40,8629491993073;32,4240538341479;36,2001296968362
"Algic";"r0";0,958619269532983;32,6630186958504;35,9946200110749;32,676635594959;42,8187936113098
"Algic";"r0";0,974698374410434;33,7528499772002;37,8646795788962;33,7696558202589;43,5830165530736
"Algic";"r0";0,973485549316952;31,1787505699954;40,6310027943422;31,2173837534737;38,1045591148639
"Algic";"r0";0,969873777483136;34,5759233926129;39,385861844906;34,5955825416004;37,6348463161565
"Algic";"r0";0,96938788278834;31,6393068855449;38,2811972459885;31,6664535763914;39,7102334322396
"Algic";"r0";0,963071318132704;31,40674874601;37,9217622600563;31,4333768666397;40,2222349883497
"Algic";"r0";0,96934725303233;33,1326949384405;37,3909588786782;33,1500992869701;42,8028530101585
"Algic";"r0";0,967987656869415;33,1167350661195;40,8788023699094;33,1484601368434;34,9761085838426
"Algic";"r0";0,976051973836847;32,5695394436844;40,3593658475691;32,6013779712208;38,2885677499115
"Algic";"r0";0,978621170329578;31,9106247150023;41,8179061958856;31,9511176910822;38,04859879937
"Algic";"r0";0,964770795087762;32,2708618331053;37,1905267639085;32,2909694554383;39,7346676664371
"Algic";"r0";0,964764084872796;32,5353397172823;36,323116859838;32,5508210952491;43,1419783345073
"Algic";"r0";0,97231529114727;32,9867761057912;39,3896311660377;33,0129458131219;39,7039213358305
"Algic";"r0";0,965958221938316;33,5658914728682;36,7150417550901;33,5787626593078;44,5500607373388
"Algic";"r0";0,974962283762413;31,8171454628363;42,495697737319;31,8607907718601;35,7581880454823
"Algic";"r0";0,983786607771762;33,328773369813;42,174468098727;33,3649274354626;37,3371524721724
"Algic";"r0";0,971810933600394;32,2640218878249;37,6314016202703;32,2859594071673;41,5319642699507
"Algic";"r0";0,976288486967879;31,9151846785226;39,5420121184187;31,9463569977592;38,8435938676692
"Algic";"r0";0,972569842207979;34,2772457820337;41,8946113687796;34,3083794288461;34,9902146323754
"Algic";"r0";0,974750453369945;31,1377108983128;38,9431356168198;31,1696131791786;38,8491434203409
"Algic";"r0";0,97144424319237;32,7268581851345;35,5057221598056;32,7382159397994;47,2093953952733
"Algic";"r0";0,970147216448579;33,4108527131783;37,699275007442;33,4283803247352;40,526133858775
"Algic";"r0";0,975380878825471;31,4044687642499;38,509922315367;31,4335101275378;40,8923308223947
"Algic";"r0";0,97171173530673;33,328773369813;41,4908561313885;33,3621333811001;36,1190621023625
"Algic";"r0";0,978912932609648;35,0957592339261;39,186958456166;35,1124807566328;43,014123439914
"Algic";"r0";0,977339429507292;31,7761057911537;40,281536536104;31,8108691320731;39,1569266441012
"Algic";"r0";0,971103905262326;32,9434564523484;42,5202162494358;32,9825985223637;33,9787982425493
"Algic";"r0";0,960536300882632;31,703146374829;35,8794431801086;31,7202157078206;43,1076685611896
"Algic";"r0";0,966151271290871;33,0392156862745;37,8310168780828;33,0588007047696;40,2104254100379
"Algic";"r0";0,965555865032892;31,0396716826265;38,1863957467103;31,0688817264852;39,6695193675797
"Algic";"r0";0,970221073206368;32,9320565435477;40,2205974706882;32,9618462203616;37,3710152296222
"Algic";"r0";0,966910822376514;31,374829001368;36,3334952963507;31,3950960298216;42,9096823351621
"Algic";"r0";0,963005622127463;31,6461468308254;35,3431573826008;31,6612572281759;43,5253517432583
"Algic";"r0";0,963920663259394;34,4596443228454;36,5232186468726;34,4680785503278;44,4933087997959
"Algic";"r0";0,966777456821371;30,9484724122207;38,5565625430114;30,9795681484501;40,4197468062414
"Algic";"r0";0,976604282365245;30,5585955312357;40,3771881811809;30,5987260189058;37,6858527758444
"Algic";"r0";0,960006683371188;30,0843593251254;36,5322604083645;30,1107131442667;41,3690438982644
"Algic";"r0";0,966438015596446;31,6507067943456;38,7523342199688;31,6797325195185;39,5197575341386
"Algic";"r0";0,965424367412946;31,4318285453716;37,5039309640641;31,4566464026687;41,814414607057
"Algic";"r0";0,968096153154513;31,6187870497036;37,9970052846036;31,6448560615629;41,0877028598132
"Algic";"r0";0,965305305928738;33,6548107615139;38,4121453057932;33,6742549081527;39,5559552603437
"Algic";"r0";0,964951480020289;30,6771545827633;41,3611935330024;30,7208223168924;36,2888075034462
"Algic";"r0";0,955276803127282;29,4072047423621;41,1163822711312;29,4550624161854;34,4240912437461
"Algic";"r0";0,963431950961644;29,6853625170999;37,5345669409795;29,7174437340912;42,1229190315239
"Algic";"r0";0,960497614794233;28,6297309621523;39,3859642721107;28,6736937685963;37,4758204855303
"Algic";"r0";0,964886463954232;30,8686730506156;40,4489691662105;30,9078295742488;36,066517564115
"Algic";"r0";0,95662984065202;30,4924760601915;39,1204678362573;30,5277403317558;36,4537183986519
"Algic";"r0";0,968518276920224;31,6985864113087;38,5296754017867;31,7265063935586;39,1743197126315
"Algic";"r0";0,954351721225419;28,7140902872777;38,1267088538716;28,7525614803292;37,4941907701383
"Algic";"r0";0,963424497679256;31,8992248062015;38,907903219095;31,9278706307774;38,7181378199647
"Algic";"r0";0,957802386893827;30,8914728682171;37,3850821178105;30,918013505477;40,1391882062105
"Algic";"r0";0,962809563108405;31,9402644778842;38,6121088161016;31,9675335964327;39,8663294229828
"Algic";"r0";0,969524127993039;31,7077063383493;37,0587900146279;31,7295772525575;42,1780321132523
"Algic";"r0";0,968875363409326;31,7054263565891;35,8772845267703;31,7224775480204;46,3243683820787
"Algic";"r0";0,970306435515359;32,0565435476516;37,5752331019119;32,0790994995083;42,373300306991
"Algic";"r0";0,967378441582457;32,0975832193342;37,1984725543104;32,1184315408668;41,2013893243096
"Algic";"r0";0,96087225571998;29,3616051071591;35,8484768754581;29,3881182070296;45,7053058835007
"Algic";"r0";0,977913449861525;31,5481076151391;39,1692795206407;31,5792568191125;43,2876543293872
"Algic";"r0";0,974385648825352;34,2020063839489;39,7966205424161;34,2248726543514;40,3786570176491
"Algic";"r0";0,968857467938788;34,3410852713178;37,7850398665886;34,3551613800178;43,2279329423001
"Algic";"r0";0,975661188158353;32,9867761057912;43,3816392833937;33,0292619225933;35,2042947051544
"Algic";"r0";0,954494429645221;29,1381668946648;34,3889020123745;29,1596276649007;45,2162388855369
"Algic";"r0";0,96964196917801;31,0214318285454;41,1616627776337;31,0628769141683;35,7199452416887
"Algic";"r0";0,974565443826545;33,8782489740082;41,2811927647983;33,9085062374583;35,7115361347958
"Algic";"r0";0,967642427252171;30,4423164614683;36,4234699136091;30,4667625927441;44,2562694014321
"Algic";"r0";0,962945125651619;31,8695850433197;35,9618202594609;31,8863108003339;42,8172433067557
"Algic";"r0";0,97334544127957;30,8823529411765;42,089594356261;30,9281591049983;36,8895827096413
"Algic";"r0";0,965722501721813;31,796625626995;37,4514190969121;31,8197378618857;41,7621172800727
"Algic";"r0";0,965573239121434;32,5695394436844;39,2944762929034;32,5970255615968;37,1422241952658
"Algic";"r0";0,965754415818721;34,1678066575467;35,3950470044844;34,1728226262672;47,0713191576018
"Algic";"r0";0,955522206480905;32,0611035111719;37,4666807504073;32,0831971511143;39,6763981603714
"Algic";"r0";0,968096436258481;31,2608299133607;38,1521108006286;31,2889959115375;39,7028004441516
"Algic";"r0";0,968778898467117;34,233926128591;37,3700867750475;34,2467442238762;42,1897402757539
"Algic";"r0";0,967584880807578;31,1171910624715;37,4508531866064;31,1430779648862;41,906342280314
"Algic";"r0";0,961640447070005;31,8103055175559;37,0584648082531;31,8317557598884;40,79241770388
"Algic";"r0";0,953327989507086;27,8203374373005;38,0631988656187;27,862201993547;38,5681573783527
"Algic";"r0";0,973343401098804;33,1326949384405;40,0369250072819;33,1609138624276;39,8411890305957
"Algic";"r0";0,955835008734758;28,8189694482444;35,1757529199755;28,8449508520798;44,7191542304574
"Algic";"r0";0,972272518445731;32,3255813953488;38,4674227074711;32,3506842889951;40,4347622890834
"Algic";"r0";0,963396796202922;29,2840857273142;37,2801454466306;29,3167671703087;40,2226696407378
"Algic";"r0";0,974864474843241;31,6940264477884;42,8136164165202;31,739474363192;34,3627940318587
"Algic";"r0";0,971433191518719;31,7099863201094;41,1107769423559;31,7484091700641;36,2423770037942
"Algic";"r0";0,963640675847427;29,9886000911993;37,0321026064523;30,0173882486186;40,9883219323826
"Algic";"r0";0,970286512392374;33,1349749202006;37,418573253056;33,1524828152941;43,3542550630694
"Algic";"r0";0,961470909900244;31,4500683994528;36,2801896183626;31,4698100393121;42,7602077730633
"Algic";"r0";0,968892762929702;31,7054263565891;37,3540185073155;31,7285132454886;39,7855618989623
"Algic";"r0";0,964263150918077;29,6374829001368;37,3431023279783;29,6689772574713;42,2702452943225
"Algic";"r0";0,973572108278842;34,6260829913361;37,8014615081766;34,6390613776447;42,8772652976252
"Algic";"r0";0,96163242474733;29,906520747834;37,4478187806681;29,9373434918374;41,3226226183237
"Algic";"r0";0,962484868596881;30,7364341085271;37,0310732130454;30,7621615163113;42,0660808968945
"Algic";"r0";0,96855350987557;33,6981304149567;34,5798416859518;33,7017341394975;47,4477024927229
"Algic";"r0";0,953141503594525;29,1495668034656;36,4194829346674;29,1792803571353;40,5425250126134
"Algic";"r0";0,982671310431072;35,296397628819;41,876640515721;35,3232923545148;38,1904209465735
"Algic";"r0";0,9589148683116;29,0925672594619;38,0393102808106;29,1291343290315;38,5263103402917
"Algic";"r0";0,96035641653596;30,8253533971728;35,9645397017448;30,8463582458291;42,1403144172784
"Algic";"r0";0,963800587694221;32,3324213406293;37,1557219997631;32,3521351035413;41,4043887047144
"Algic";"r0";0,975167411639029;33,8007295941633;40,7072905763771;33,8289580450442;37,9564510180054
"Algic";"r0";0,966502024531093;30,531235750114;38,9550632648031;30,5656655628443;38,1224308136861
"Algic";"r0";0,958853736356193;31,6073871409029;38,6107388522392;31,636011194219;37,4826409995805
"Algic";"r0";0,966784601351039;32,9160966712266;42,2554854569374;32,9542685599966;34,9530694403133
"Algic";"r0";0,968952844969023;35,4765161878705;38,95411581316;35,4907298103172;41,7897008883315
"Algic";"r0";0,957782849746099;27,9799361605107;38,774292051969;28,0240547813205;38,0959797297796
"Algic";"r0";0,968138862545517;31,8331053351573;37,2153628003598;31,8551036626718;41,5098073025336
"Algic";"r0";0,959633035504893;32,4715002279982;35,1354170867782;32,4823881715627;45,4311858321653
"Algic";"r0";0,963287084176727;33,3606931144551;38,3693153701623;33,3811643225847;39,0412482241814
"Algic";"r0";0,972138186777781;32,2207022343821;37,6306820691576;32,2428138685842;41,8842738810616
"Algic";"r0";0,969643175770158;30,6019151846785;38,6768069599286;30,6349188295365;40,8022974520621
"Algic";"r0";0,964383421835537;28,828089375285;37,7217526575058;28,8644394976919;40,0284863488592
"Algic";"r0";0,967606596401172;34,452804377565;39,7096393602141;34,4742900791289;37,6897434096398
"Algic";"r0";0,970480446960373;31,7099863201094;39,0193260930103;31,7398610058297;39,4903710367801
"Algic";"r0";0,961875164764541;31,8445052439581;37,7010521194429;31,8684420840486;38,2054239552157
"Algic";"r0";0,976803003918495;33,1851345189238;43,8435987798359;33,2286977243499;33,1831972505769
"Algic";"r0";0,972115246461825;32,7268581851345;41,0189868028948;32,7607497189946;36,3111791863721
"Algic";"r0";0,96990418840719;31,0259917920657;38,4827714240902;31,056469093014;40,9913665250114
"Algic";"r0";0,972478538315229;32,9343365253078;41,0813368030549;32,9676348915656;35,0189849090054
"Algic";"r0";0,976106938763864;34,0538075695394;41,726938034742;34,0851691381983;36,449026602347
"Algic";"r0";0,971297448153105;33,59325125399;37,9306734268622;33,6109791375303;41,8927934645354
"Algic";"r0";0,96611295982209;31,1171910624715;38,6724819712116;31,1480709980658;38,43512692051
"Algic";"r0";0,974500301496919;35,6201550387597;39,0654644273519;35,6342366847621;41,500635763305
"Algic";"r0";0,970828263353982;34,1130870953032;38,6618397846468;34,1316787275485;40,0577258765785
"Algic";"r0";0,971913808244766;30,6361149110807;40,4230704475109;30,6761160917473;35,9659596662699
"Algic";"r0";0,953054962708315;30,6338349293206;35,1705547393388;30,6523773808602;43,1065575071772
"Algic";"r0";0,965301235177959;31,8376652986776;40,4772621208193;31,8729770023103;36,6672395910864
"Algic";"r0";0,967443249599997;30,9279525763794;40,6498647640813;30,9676879122964;36,2258390423773
"Algic";"r0";0,956812308786806;29,3365253077975;37,5330126081487;29,3700259370905;39,5403798597858
"Algic";"r0";0,954878579947014;29,37528499772;35,0282603059373;29,3983898014321;43,674680127119
"Algic";"r0";0,967514006191864;33,2444140446876;38,5944990189394;33,2662808770075;38,8010071470479
"Algic";"r0";0,955344543466903;30,7797537619699;34,4123962524447;30,7946010746013;44,8284361433889
"Algic";"r0";0,960651903536407;33,8258093935248;39,0486074701441;33,8471559796691;37,3376999223302
"Algic";"r0";0,974827555954915;33,0665754673963;41,8373289545703;33,1024232336926;35,881731757937
"Algic";"r0";0,978059333125794;32,3848609211126;41,0135940105692;32,4201282225682;36,0263965763001
"Algic";"r0";0,965198482213211;32,2207022343821;36,024170259621;32,2362477440221;44,8570309257964
"Algic";"r0";0,968400880031375;32,7906976744186;38,4830966304651;32,8139636102063;39,5192328327122
"Algic";"r0";0,969031560458883;31,6598267213862;38,9840936952855;31,6897624174648;38,4240569397676
"Algic";"r0";0,97145533298077;34,2544459644323;39,7427540754824;34,2768777414529;39,0199753291247
"Algic";"r0";0,967892485069065;30,1937984496124;40,688187902707;30,2366910495569;37,2740203027837
"Algic";"r0";0,968319437285382;31,2631098951208;38,2331332801992;31,2915977291198;39,5758144804404
"Algic";"r0";0,966029309091782;32,3552211582307;39,4603673935797;32,3842612654597;37,4413752622277
"Algic";"r0";0,968361243000924;32,6424988600091;39,6004545207207;32,670937370884;38,3795629890481
"Algic";"r0";0,972573054913849;33,2238942088463;41,8357054833764;33,2590923475706;35,3438545840277
"Algic";"r0";0,964349462784785;32,5763793889649;38,7253497728997;32,6015114205069;37,6822325274816
"Algic";"r0";0,963133297349662;29,4072047423621;35,4184567421107;29,4317738922248;44,5741816454529
"Algic";"r0";0,961059879530361;32,4145006839945;36,1603165000624;32,4298105579022;42,8049622509857
"Algic";"r0";0,962645619710234;33,3720930232558;37,9131199646626;33,3906530788746;40,7246874249225
"Algic";"r0";0,970529114193028;33,2854537163703;38,3869994270478;33,3063047206373;40,8935080515992
"Algic";"r0";0,969903684607085;33,6228910168719;40,0503941846955;33,6491614657867;36,5053186839288
"Algic";"r0";0,974101630394794;31,6780665754674;40,1880896366075;31,7128486860715;38,8822457264206
"Algic";"r0";0,976786189655601;31,8148654810761;42,1793974079516;31,8572273281887;36,7730953541874
"Algic";"r0";0,959300620365422;32,4418604651163;38,8353284232292;32,4679918055445;38,2884784936703
"Algic";"r0";0,972184762158213;33,921568627451;39,1273688691717;33,9428457401556;38,4224121450808
"Algic";"r0";0,968908197708305;30,9712722298222;40,179252729525;31,0089070275049;37,4063903496339
"Algic";"r0";0,972236790352983;32,3301413588691;41,7605725680741;32,368685355637;34,9071190185247
"Algic";"r0";0,967974312466064;32,9548563611491;40,5083257313142;32,9857288517629;35,2808225094273
"Algic";"r0";0,965763669965398;33,7665298677611;36,2889625084422;33,7768395379546;44,6635828851561
"Algic";"r0";0,965089925189648;30,4696762425901;39,946082319464;30,5084081475364;37,0023829456118
"Algic";"r0";0,954787171373073;30,4286365709074;36,6100564309881;30,4539012297361;40,3288300346312
"Algic";"r0";0,968271401046301;31,2881896944824;41,1429954195834;31,3284681919965;35,6673044557786
"Algic";"r0";0,965845193470542;30,218878248974;41,1000502533473;30,2633517040328;35,7105287363772
"Algic";"r0";0,978371634166454;31,6187870497036;40,4732853845981;31,6549770973939;39,0233607798069
"Algic";"r0";0,966072205124967;34,2316461468308;38,8226069644097;34,2504102918618;38,2256431344191
"Algic";"r0";0,969476018459725;29,4414044687642;38,6895565862293;29,4792034556204;37,9675083091487
"Algic";"r0";0,968224134871465;32,9753761969904;39,0972936812017;33,0003976580976;38,2273156798111
"Algic";"r0";0,970870435397672;32,9229366165071;39,4635605616852;32,9496694119233;37,6182252794707
"Algic";"r0";0,96159447570438;29,2202462380301;37,564391182298;29,2543503726797;39,2268164608003
"Algic";"r0";0,965683332732125;30,515275877793;35,6587944958181;30,5362984334525;43,120301280643
"Algic";"r0";0,968543321388814;30,7546739626083;39,428189887234;30,7901243001749;36,6942263698288
"Algic";"r0";0,971714762614354;33,9078887368901;38,1585253043208;33,9252619108714;41,6686392510249
"Algic";"r0";0,954455305533112;29,233926128591;34,4238450532461;29,2551383312803;45,1039052688422
"Algic";"r0";0,968893915209545;34,562243502052;37,0638985714606;34,5724682502921;43,7857710739451
"Algic";"r0";0,969552984409933;29,5987232102143;39,0039492089099;29,6371641884106;39,0160179282693
"Algic";"r0";0,9792509400982;32,6538987688098;40,5312156508769;32,6860948868564;38,8959824531215
"Algic";"r0";0,958920938028412;28,7254901960784;41,1227225151;28,7761600829409;36,050479906874
"Algic";"r0";0,970759907681698;34,4938440492476;37,1707736774887;34,5047851785183;42,3533321523805
"Algic";"r0";0,968165020313433;27,8682170542636;37,2155753368095;27,9064215159088;40,9481838154981
"Algic";"r0";0,974367130449312;31,1924304605563;41,4511783929812;31,2343599480185;36,1504531204418
"Algic";"r0";0,940696870818604;29,7127222982216;32,9520224571646;29,7259619446478;47,5314280637311
"Algic";"r0";0,973818191999718;32,9958960328317;40,4873051082367;33,0265148710146;37,5383896411265
"Algic";"r0";0,966833000502291;33,5294117647059;39,9632593616865;33,5557081445301;36,0424672752219
"Algic";"r0";0,969959858972178;31,8832649338805;40,4336204495914;31,9182118910292;38,395851790758
"Algic";"r0";0,981193848384153;32,8613771089831;42,8885495987734;32,9023601028106;36,5500313681363
"Algic";"r0";0,968198237725135;32,218422252622;37,4563432847764;32,2398306492112;40,1380571416554
"Algic";"r0";0,967718891507403;33,6981304149567;39,1247006404901;33,7203098572954;39,2800378048463
"Algic";"r0";0,970117040887674;33,4040127678979;40,8299215471629;33,4343638936987;35,5359668951546
"Algic";"r0";0,972787758552072;32,0839033287734;41,8970849857722;32,1240117006685;35,9666095917273
"Algic";"r0";0,965393097099791;32,5672594619243;38,4293684402577;32,5912190354052;39,7213399382274
"Algic";"r0";0,96665703803043;31,8513451892385;35,9995441989392;31,8682996811037;44,7974357687281
"Algic";"r0";0,96911632692638;33,6753305973552;38,6847809178118;33,6958051899456;38,2586251545086
"Algic";"r0";0,970551073354355;30,4696762425901;36,6700121952391;30,4950182151486;42,6550981782814
"Algic";"r0";0,970631786723623;33,2991336069311;39,5086874273807;33,3245132546987;39,7641327563837
"Algic";"r0";0,967379827176171;34,2749658002736;39,6487412656802;34,2969294602139;39,1554747027697
"Algic";"r0";0,97283944788365;32,3620611035112;40,0650643210837;32,3935447678882;38,0794945923426
"Algic";"r0";0,966471466166911;32,266301869585;35,8382981719945;32,2809013095131;43,5619695473888
"Algic";"r0";0,974142904971908;30,7615139078887;42,517650447959;30,8095635122759;34,9087462659061
"Algic";"r0";0,951072016323465;28,9603283173735;35,1842979095248;28,9857668851888;43,7620986164021
"Algic";"r0";0,969443827708346;30,9074327405381;40,4337177554358;30,9463685103537;38,0688855374563
"Algic";"r0";0,96376198585356;29,8039215686275;34,5745052285887;29,8234198669652;45,7861927685669
"Algic";"r0";0,969789918657108;30,6771545827633;38,4480921332706;30,7089159079017;41,8717198832086
"Algic";"r0";0,97185835425669;32,3073415412677;39,5320203446035;32,3368702012268;39,1466571481316
"Algic";"r0";0,962349150546935;31,5709074327405;38,6736137918231;31,5999375677232;39,7327652657737
"Algic";"r0";0,9718777593038;33,2922936616507;38,7885166300169;33,3147577882244;40,8970424637087
"Algic";"r0";0,969476238960838;32,2207022343821;38,032798471274;32,2444573961133;39,663113149606
"Algic";"r0";0,970433654178209;32,359781121751;36,7161274834596;32,3775863521122;44,1587617446694
"Algic";"r0";0,97397586561719;34,0857273141815;36,5363395717903;34,095743440575;45,9950770564587
"Algic";"r0";0,960782423122505;31,9334245326037;37,935500308882;31,9579561774659;40,539462683372
"Algic";"r0";0,974041562560197;32,2549019607843;40,0080098074048;32,2865904124735;38,2654821038273
"Algic";"r0";0,970174559817666;33,6867305061559;39,2029652675751;33,7092764247993;38,8493759095269
"Algic";"r0";0,967407623874297;32,906976744186;38,9138209508445;32,9315278785457;38,3083448500776
"Algic";"r0";0,965731875239048;30,8321933424533;35,2537819644898;30,8502652305542;45,0902261056829
"Algic";"r0";0,971648376783443;34,0401276789786;38,0080648620274;34,0563454058848;42,3337501541478
"Algic";"r0";0,968868583059091;30,8983128134975;41,8222721554845;30,9429611486827;35,161072459489
"Algic";"r0";0,967684350161174;30,4833561331509;42,7397100669938;30,5334502227988;34,4129967772022
"Algic";"r0";0,966685484677647;34,5371637026904;37,1252806345365;34,5477418372892;42,7959117851014
"Algic";"r0";0,970784721813657;31,6894664842681;38,7890185233198;31,7184837269345;38,6671898794741
"Algic";"r0";0,967257812949503;33,702690378477;35,3835828396022;33,7095605111519;45,8407398381378
"Algic";"r0";0,958189700847262;31,4341085271318;36,7555363504547;31,4558582321317;41,6116349684183
"Algic";"r0";0,967894020571254;31,1080711354309;39,8618257009062;31,1438494238457;36,5551261964255
"Algic";"r0";0,963505680279821;31,906064751482;36,431021359273;31,9245591245384;42,9930633382637
"Algic";"r0";0,952742882419961;31,9881440948472;35,585466859998;32,0028470489282;43,4355910653182
"Algic";"r0";0,968515363513007;28,6046511627907;39,915366961465;28,6508802464365;37,2141831185774
"Algic";"r0";0,971789208933672;30,8618331053352;38,4415239887714;30,8928127683465;40,7745120010913
"Algic";"r0";0,968339200504751;32,1842225262198;40,5755128562146;32,2185193531816;37,7835823775136
"Algic";"r0";0,975207212051362;31,8673050615595;41,0412775233102;31,9048008618119;37,4347610002051
"Algic";"r0";0,975564850891742;31,0487916096671;42,7323865218602;31,0965447223873;35,4269239146174
"Algic";"r0";0,968303959335127;33,1988144094847;39,3573512324873;33,2239855409139;37,8703041808754
"Algic";"r0";0,976045221915664;34,0424076607387;40,9813191983791;34,0707683345983;37,6639320132546
"Algic";"r0";0,972715953898821;32,9594163246694;38,3626499198187;32,981500385685;41,8855256046944
"Algic";"r0";0,954442346462525;29,8267213862289;38,6066596888134;29,8626066926427;38,31856224688
"Algic";"r0";0,955578066044831;31,0670314637483;35,675126513602;31,0858656397014;43,3821700562756
"Algic";"r0";0,959520224565328;30,8983128134975;35,1198404696287;30,9155670137269;43,0580556772051
"Algic";"r0";0,97511569266321;32,2366621067031;38,7976556973532;32,2634781568012;41,9878878244408
"Algic";"r0";0,96465919700508;31,2243502051984;39,3366558157847;31,2575067676394;37,4139925909528
"Algic";"r0";0,971266632130703;32,3620611035112;39,2468245966129;32,3902004638372;40,9388079592852
"Algic";"r0";0,967605600232133;34,1906064751482;39,1009042401662;34,2106758120624;40,5743890188129
"Algic";"r0";0,975402571991389;31,5184678522572;40,4844371465061;31,5551135033236;36,4643452061608
"Algic";"r0";0,973311067217318;30,6201550387597;42,5684261739918;30,6689899344078;36,3819366209804
"Algic";"r0";0,9714643237638;32,7291381668947;41,7769506781001;32,7661183270222;35,9397278807256
"Algic";"r0";0,960791484106109;33,7072503419973;34,7631428507412;33,711565978954;49,1501219354161
"Algic";"r0";0,969858879480125;33,374373005016;42,9631575746518;33,413564222603;34,7524170350684
"Algic";"r0";0,975570902661733;31,4911080711354;39,5983189135034;31,5242438102732;40,2766956513085
"Algic";"r0";0,962541481961235;30,5266757865937;39,5087565657439;30,5633872884158;38,0183921345287
"Algic";"r0";0,971029097360293;31,4227086183311;37,9903551983407;31,4495518604837;40,098470660837
"Algic";"r0";0,981493240223618;35,1071591427269;41,9786964217696;35,1352444449573;36,8156279760772
"Algic";"r0";0,969112791936845;32,4806201550388;42,3991959464434;32,5211592931508;35,0643899869215
"Algic";"r0";0,96506016265394;30,6429548563612;39,8139742715665;30,680438586941;37,8980389175096
"Algic";"r0";0,968476091377963;32,3210214318285;37,5741473735424;32,3424919738247;41,1033318644859
"Algic";"r0";0,969631216255308;29,1108071135431;38,4467785043708;29,148965034759;40,8718324735974
"Algic";"r0";0,972785712684031;37,1112631098951;39,4856156995298;37,1209675482724;44,1510843671564
"Algic";"r0";0,969798739966796;32,7952576379389;39,2082607540563;32,8214688223372;38,1023829854603
"Algic";"r0";0,974225774718446;33,5499316005472;38,2902620536014;33,5693062481755;41,5791349127253
"Algic";"r0";0,96316592818442;33,5043319653443;35,0444386829142;33,5106266794488;47,8893674197497
"Algic";"r0";0,965477229546678;31,9744642042864;35,4263794863916;31,9885728498536;45,0212883835682
"Algic";"r0";0,974672884019883;32,2982216142271;38,2988480140325;32,3227473352072;39,6325747855382
"Algic";"r0";0,958521408279594;30,9165526675787;37,0445423904589;30,9415989471;41,6393458061217
"Algic";"r0";0,970383686064866;31,6142270861833;38,3507376359161;31,6417605080487;42,1180877617272
"Algic";"r0";0,96717190310351;32,7770177838577;36,5134957444697;32,7922894921436;41,9407466853787
"Algic";"r0";0,981244919144294;34,2065663474692;42,6327248517206;34,2410056874049;33,8561521519034
"Algic";"r0";0,969827193058506;33,5066119471044;37,0278800449399;33,5210040510465;44,1514813584756
"Algic";"r0";0,968401959151121;31,1103511171911;37,9186100628327;31,138177788631;40,6305899861167
"Algic";"r0";0,955547409248982;30,2599179206566;36,9780927414321;30,2873764008505;40,2059092021
"Algic";"r0";0,96734480427113;30,4331965344277;40,4216595127666;30,4740213149931;36,5811772307977
"Algic";"r0";0,96817246857407;33,1258549931601;37,8386092946286;33,1451169317219;38,9834944471391
"Algic";"r0";0,971814605797918;32,4099407204742;41,4318478187807;32,4468150001676;35,7206544849365
"Algic";"r0";0,970914479241972;30,3465572275422;40,4386470646604;30,3878055511271;36,2983739687339
"Algic";"r0";0,978224684415303;34,3547651618787;39,5737671125451;34,3760962325218;38,3592000358047
"Algic";"r0";0,964129420499203;33,0300957592339;35,954181750673;33,042047064376;43,5199407164013
"Algic";"r0";0,965804631909503;32,0405836753306;39,2011881555741;32,0698504511354;38,032338619237
"Algic";"r0";0,975163716818946;32,4509803921569;42,3821597416274;32,491571043449;36,1174535195059
"Algic";"r0";0,966521764258293;33,1144550843593;36,6531219491897;33,1289183004281;43,9439945931013
"Algic";"r0";0,973238910994109;34,6374829001368;38,2950197972581;34,6524319610242;42,4281174627362
"Algic";"r0";0,959381356031693;29,890560875513;38,6390036393666;29,9263174535669;38,2861579949223
"Algic";"r0";0,970912454143698;36,0031919744642;40,4086743038951;36,0211980330314;38,0935394496385
"Algic";"r0";0,964598942768877;30,8390332877337;41,4579411491692;30,8824348185025;35,1839126438257
"Algic";"r0";0,971593557916593;34,2020063839489;40,4504210718367;34,2275448635997;37,7199529665894
"Algic";"r0";0,969356530013376;32,469220246238;39,3568314144237;32,497371245563;39,8729116271288
"Algic";"r0";0,974373842189401;33,7118103055176;41,0663824311737;33,7418698646142;36,4474045569102
"Algic";"r0";0,958396410678296;31,4135886912905;38,2957572731317;31,4417174457122;38,6382946624063
"Algic";"r0";0,962648874854738;32,6949384404925;37,2774055189058;32,7136678699683;40,4460603863166
"Algic";"r0";0,97628532323841;32,6470588235294;39,9990576697171;32,6771078651351;38,3892783174028
"Algic";"r0";0,975982671359588;32,6424988600091;41,6922766686832;32,6794870526876;35,7074764570303
"Algic";"r0";0,953671053560225;29,8267213862289;37,3749136570673;29,8575723083168;39,0867912611694
"Algic";"r0";0,962331926883306;32,9958960328317;37,5696969114997;33,0145900418726;40,961620465847
"Algic";"r0";0,970985438968262;33,062015503876;37,904807997004;33,0818089336844;41,1314552334184
"Algic";"r0";0,974813881823182;33,3059735522116;45,9646485306497;33,3577120058019;31,3305939437965
"Algic";"r0";0,960967640549221;32,640218878249;37,1596987359843;32,6586908667683;40,2210566683446
"Algic";"r0";0,962881856510673;29,9908800729594;37,1274239237942;30,020048508317;41,3456354731082
"Algic";"r0";0,957297924426842;30,9119927040584;38,9858759286466;30,9449922267747;38,3579864516235
"Algic";"r0";0,957063734854408;31,468308253534;35,5262639357013;31,4848939034611;43,9455963279988
"Algic";"r0";0,975144172204931;30,9028727770178;40,9181139310601;30,9438070051678;37,668133851086
"Algic";"r0";0,960660056619187;28,9261285909713;38,113918256689;28,9636808648094;39,7489834159248
"Algic";"r0";0,963497808283238;32,9092567259462;36,7340471229158;32,9248893842444;43,4948031984659
"Algic";"r0";0,967014446350896;31,6507067943456;39,47200824539;31,6826739664889;38,0467193387748
"Algic";"r0";0,974395789318783;34,281805745554;40,2348963084595;34,3061371783725;37,7650870641004
"Algic";"r0";0,962293538776857;31,2585499316005;37,8283844989229;31,2854021164806;39,2357308265947
"Algic";"r0";0,969042099117384;31,6005471956224;36,3822788132528;31,6200910578198;44,9501430761174
"Algic";"r0";0,97152959991482;29,8518011855905;41,1644257514796;29,8980380707372;36,3749632699392
"Algic";"r0";0,965798915400938;31,7419060647515;41,183950937369;31,7804975288085;36,93443497179
"Algic";"r0";0,968781797353394;32,3917008663931;41,4938213989636;32,4289029939104;36,4348764490637
"Algic";"r0";0,971424175282655;29,0401276789786;37,679583377345;29,0754388058111;41,628024391119
"Algic";"r0";0,971038376655303;30,2644778841769;37,7086086864671;30,2949034869111;41,0463817408854
"Algic";"r0";0,96769675129886;30,1276789785682;40,3514840741701;30,1694656478962;36,4449681607311
"Algic";"r0";0,976953315975351;28,3447332421341;42,7628227657266;28,4036627633477;36,5913558503429
"Algic";"r0";0,960482274763041;33,4518923848609;37,2494044818304;33,4674135514698;40,3958005542605
"Algic";"r0";0,976066895135693;31,7943456452348;41,7493644712035;31,8350337330794;35,6479781980427
"Algic";"r0";0,975338666659618;35,5449156406749;39,1421926463669;35,5596184077281;42,4946262693984
"Algic";"r0";0,971870354256697;32,5809393524852;38,2614672056898;32,6041567687789;40,6627694998919
"Algic";"r0";0,976025984436255;33,625170998632;40,4925954733577;33,6532394910355;40,1116856256387
"Algic";"r0";0,976075269362514;33,312813497492;37,8760131490924;33,331464177267;42,3622610171788
"Algic";"r0";0,975484021615236;33,1304149566803;42,7273599067912;33,1696395273211;35,0921774744329
"Algic";"r0";0,9664039462013;32,2868217054264;38,2684476196878;32,3112697677462;39,8408089831129
"Algic";"r0";0,969889563972327;30,0136798905609;38,8398582663555;30,0497541890995;42,7306657199244
"Algic";"r0";0,973203034339085;32,9480164158687;40,9701059801483;32,9808042478753;36,497268486522
"Algic";"r0";0,969806303732155;30,4491564067487;38,5660344987629;30,482331657806;40,0886309968385
"Algic";"r0";0,973260198725034;31,4021887824897;41,5749975193411;31,4437670198338;38,5120241667492
"Algic";"r0";0,956765977938747;30,1162790697674;35,0838885207911;30,1365826506299;45,4776138630315
"Algic";"r0";0,969449340674853;32,0656634746922;38,3149854201276;32,0912056624801;40,1899666108554
"Algic";"r0";0,967523098873918;31,0966712266302;37,8768018385683;31,1243829321286;40,9208973718177
"Algic";"r0";0,974439605873386;33,75056999544;37,4041847914806;33,7655030259416;46,900396077486
"Algic";"r0";0,965610339923169;32,3552211582307;37,2825294398192;32,3753600204171;40,2843886944496
"Algic";"r0";0,972093714358694;33,75056999544;42,5852959346002;33,7866792295238;34,3791719555534
"Algic";"r0";0,970074123427136;31,3497492020064;36,8605626454386;31,3722729626744;44,1601863390794
"Algic";"r0";0,973157054271329;30,9758321933425;38,5068315744662;31,0066128447639;41,8984011867941
"Algic";"r0";0,965529571710678;33,8987688098495;37,0495075492051;33,9116464886207;42,7513278591359
"Algic";"r0";0,960565951218104;31,1901504787962;35,9794095711821;31,2097251072392;43,0389939223919
"Algic";"r0";0,971510956386624;33,3766529867761;37,2811185050749;33,3926112927092;41,7916590526201
"Algic";"r0";0,973457926896101;34,2544459644323;40,6872967860264;34,2807382702426;36,9793288447615
"Algic";"r0";0,968397823559283;33,3812129502964;38,9998085891613;33,4041772376487;37,9724379627724
"Algic";"r0";0,965989198367909;31,6393068855449;37,8128130031336;31,664539199377;41,9697841971269
"Algic";"r0";0,969659172837385;31,2083903328773;37,2333234106979;31,2330153999529;42,0269406570991
"Algic";"r0";0,969751628264639;31,7852257181943;38,4332120211128;31,812397324337;40,6372409803387
"Algic";"r0";0,95847641003373;32,4601003191975;38,3145731506288;32,4840286822687;39,6537855695717
"Algic";"r0";0,979896198017864;31,0237118103055;42,2237304628109;31,0694884532994;36,9039170674333
"Algic";"r0";0,95794600297068;33,2786137710898;35,0945639961974;33,2860359109745;44,6309264526197
"Algic";"r0";0,964771005246351;30,2393980848153;39,7314998863698;30,2781941412249;37,9357091130441
"Algic";"r0";0,961680091025923;31,4181486548108;38,1374995598831;31,4456119418887;39,3425078224127
"Algic";"r0";0,974346629803696;30,0296397628819;40,5664480486017;30,0727057368017;38,1025113821382
"Algic";"r0";0,959225890832159;32,1158230734154;38,4966477496423;32,1419027383046;36,8872861177897
"Algic";"r0";0,966092692599597;32,3050615595075;40,8131337283182;32,3398356964373;37,5043105386098
"Algic";"r0";0,974629558852745;31,3360693114455;40,1405224427608;31,372054814707;39,8675027664745
"Algic";"r0";0,962530835925009;30,8846329229366;39,0763806066891;30,9181141804996;38,6323984879442
"Algic";"r0";0,96697200965998;32,8454172366621;40,4596164741355;32,8765379419924;35,9267784761622
"Algic";"r0";0,97054322453012;32,5581395348837;38,9659922475409;32,5843296685867;39,8388912524767
"Algic";"r0";0,962221064361303;30,234838121295;36,4186891238313;30,2601127166732;41,2323802415203
"Algic";"r0";0,963867793807122;31,1787505699954;40,2267789524898;31,2157316124307;35,5485240426189
"Algic";"r0";0,965709726829834;29,8335613315093;37,5939567949247;29,8652795690982;39,541492221875
"Algic";"r0";0,960146216067904;30,3602371181031;37,744698912031;30,3904188420564;39,5295870539545
"Algic";"r0";0,963873761967543;32,7200182398541;40,7182067557143;32,7527083836519;35,5572410016486
"Algic";"r0";0,967471158392297;32,453260373917;41,7211073661164;32,4911398575364;34,3607616814406
"Algic";"r0";0,968354188228729;33,5088919288646;42,7753086419753;33,5467655666566;34,0418510256725
"Algic";"r0";0,974239437700978;34,2362061103511;37,6713584728104;34,2502462426227;43,6677659120329
"Algic";"r0";0,965245539035295;32,5854993160055;38,3418674399921;32,609026706158;39,176600621836
"Algic";"r0";0,967272577382136;31,24943000456;38,9980314771603;31,2811000378267;37,8472917248817
"Algic";"r0";0,973702730759694;33,3242134062927;39,2144063863362;33,3482877645218;41,1452506102881
"Algic";"r0";0,968874858034506;32,3780209758322;42,1422854710211;32,4179294138234;33,9490017585251
"Algic";"r0";0,957203262181909;32,2366621067031;35,8736278755637;32,2515270894097;43,7679797731419
"Algic";"r0";0,969281720641121;30,7364341085271;36,7885076676365;30,7611701040003;43,8969357283205
"Algic";"r0";0,972022012924409;33,3105335157319;39,1757862088171;33,3345059381832;37,920413585641
"Algic";"r0";0,966606725913241;33,1053351573187;38,0921319902566;33,1257171607231;38,54752801364
"Algic";"r0";0,973266261278379;31,9151846785226;38,4724493225401;31,9419854876943;41,2541918270756
"Algic";"r0";0,967852297853295;31,4614683082535;35,7864239141916;31,479145238523;45,8911818840279
"Algic";"r0";0,966064300007955;32,4395804833561;36,3073456309996;32,4553887877743;41,3704828819666
"Algic";"r0";0,975492942967311;30,1709986320109;42,345378132432;30,2207576762906;37,0617312979901
"Algic";"r0";0,962371634588405;29,7537619699042;39,1717070453913;29,792254933428;35,8173040461751
"Algic";"r0";0,967823976660739;31,5298677610579;40,3838613135649;31,5660557456049;38,7242077162721
"Algic";"r0";0,979199368431795;33,5613315093479;41,7478639126552;33,5947914510508;37,5530813164098
"Algic";"r0";0,975064913381446;32,859097127223;38,7762074406962;32,8832815018012;40,1854744129151
"Algic";"r0";0,973569610912958;33,1691746466028;38,545423584504;33,1911484161038;41,9556515165782
"Algic";"r0";0,9684740660902;33,8349293205654;37,0314393903021;33,8479940756188;43,8524532889232
"Algic";"r0";0,965198803618437;32,4601003191975;37,0405451687968;32,4788214834329;43,4240067870808
"Algic";"r0";0,967149498141147;29,9658002735978;38,685928102504;30,0014411230348;39,4960818480971
"Algic";"r0";0,954647453097777;32,140902872777;35,7351232487349;32,1555931467932;42,5687499242531
"Algic";"r0";0,962862746905957;30,4742362061104;36,5175902719762;30,4989365633278;43,5328264813289
"Algic";"r0";0,964733443423052;31,6735066119471;38,0356946004859;31,6995101050883;39,3184431966118
"Algic";"r0";0,970531117716163;31,5914272685818;37,8495126705653;31,617005274312;42,6210039143972
"Algic";"r0";0,956832206188711;30,9211126310989;33,8510618820359;30,933087900517;45,3788977926681
"Algic";"r0";0,972874992108275;33,0734154126767;38,767682936588;33,0966889856627;40,9998863523528
"Algic";"r0";0,970542884338693;33,093935248518;37,2545616915853;33,1109405337077;42,1900915117279
"Algic";"r0";0,961304123312604;30,4742362061104;38,7561854828642;30,5080861350344;38,1666621844513
"Algic";"r0";0,960675130714174;31,6940264477884;37,0461658616529;31,7159016770004;39,839042578242
"Algic";"r0";0,967838197689675;32,578659370725;34,7677469535909;32,5876065951782;50,1682613318781
"Algic";"r0";0,965296057174953;33,1600547195622;36,9036844986028;33,1753556587136;44,4791994075466
"Algic";"r0";0,969438080174637;32,3347013223894;38,6530668945672;32,360525704837;39,3423934636761
"Algic";"r0";0,972014489115453;32,3643410852713;40,2872135639226;32,3967233978544;35,9109364264679
"Algic";"r0";0,966672570293467;31,8194254445964;36,0524683355899;31,8367267098185;45,7186501684948
"Algic";"r0";0,967588436201018;31,4021887824897;39,5741332898018;31,4355891006395;36,9694846187848
"Algic";"r0";0,971505754369134;32,6949384404925;37,8359410659471;32,7159507128036;41,8637540755745
"Algic";"r0";0,973541216550197;31,2699498404013;40,885992759677;31,3092524681367;37,67648633729
"Algic";"r0";0,96045440160884;31,7373461012312;37,7303386179369;31,7618406210542;39,20688297229
"Algic";"r0";0,966448303161305;31,0487916096671;36,6125863829433;31,07153191528;42,3144715926866
"Algic";"r0";0,972574725228569;32,7450980392157;41,2760509191241;32,7799656940382;37,8287540426052
"Algic";"r0";0,963527078811823;33,3378932968536;38,8991636178569;33,3606232845417;37,7616488977413
"Algic";"r0";0,966104852465511;30,1276789785682;36,781801246411;30,1548756635866;42,62480283111
"Algic";"r0";0,970735579709562;33,1418148654811;40,0626649638144;33,170101718744;37,6601163515537
"Algic";"r0";0,971118693800166;28,9557683538532;38,7892131350087;28,9959595450568;39,728028959378
"Algic";"r0";0,967944456403826;34,9384404924761;38,2531552380312;34,9519883729075;41,018622821275
"Algic";"r0";0,972858356917295;32,2617419060647;38,4652179618907;32,2870967128324;41,5782656367998
"Algic";"r0";0,973176496290195;32,8340173278614;38,4046450737316;32,8567855611551;42,4734239756175
"Algic";"r0";0,971388865553348;30,4423164614683;37,0281617197528;30,4692340851398;44,8089176741299
"Algic";"r0";0,970107905968988;33,2375740994072;40,4843961756242;33,2671932632065;36,0307715327293
"Algic";"r0";0,970895470148215;33,1600547195622;38,6143084403218;33,1823473097016;40,5919720234859
"Algic";"r0";0,968433805964399;32,0291837665299;38,1912226287302;32,0543692114707;40,0381006564692
"Algic";"r0";0,95523701466949;27,9480164158687;37,4693899499707;27,9869321115121;40,4706564949063
"Algic";"r0";0,971010398295284;32,9274965800274;39,9309845494963;32,9561211902568;38,3622439348144
"Algic";"r0";0,963496141835117;30,0889192886457;37,3362986009084;30,1185407299765;40,494292159838
"Algic";"r0";0,958667854766962;31,5458276333789;35,5775031448353;31,5623058711642;43,6169695284128
"Algic";"r0";0,978279871849266;33,5978112175103;38,2064740395049;33,6166477140579;42,1934535904195
"Algic";"r0";0,939283302975483;28,4610123119015;34,3952217709024;28,4852665739955;42,7417248219148
"Algic";"r0";0,97986467472296;34,813041495668;42,7024777780979;34,8452871480485;36,5453920893197
"Algic";"r0";0,971867262935881;33,1896944824441;40,0913855520026;33,21790302905;36,296352943942
"Algic";"r0";0,970217356456879;30,4081167350661;43,6980830108477;30,4624353983186;34,0207677643057
"Algic";"r0";0,965150984738503;32,5490196078431;35,0331332801992;32,5591726609999;47,2419720494189
"Algic";"r0";0,955598020360314;30,5973552211582;37,2229398528249;30,6244352673367;40,9470894305106
"Algic";"r0";0,960088077670306;31,8239854081167;37,9846090321589;31,8491650687055;40,6532045949592
"Algic";"r0";0,967169810339855;33,9147286821705;38,3976877058547;33,9330514029758;40,4521935032858
"Algic";"r0";0,97613701138669;34,5189238486092;38,4475723152069;34,5349809949305;42,2770322065621
"Algic";"r0";0,968435511379348;29,5212038303694;36,4095321317342;29,5493577607564;44,3676825609341
"Algic";"r0";0,955481022081214;31,9243046055632;36,3909159872862;31,9425605103931;40,8318562960882
"Algic";"r0";0,981206162892768;34,6169630642955;42,7936507936508;34,6503827689114;35,2879361736521
"Algic";"r0";0,969755142201617;33,4906520747834;37,8530668945672;33,5084821081068;40,512770326949
"Algic";"r0";0,972882536550816;31,1263109895121;41,8244359301831;31,1700362958091;34,7913958074724
"Algic";"r0";0,966365557775641;32,5900592795258;39,5621313820951;32,6185554870295;38,2047941311367
"Algic";"r0";0,967465284585811;32,140902872777;39,7498830089272;32,1720022466305;38,1034947402782
"Algic";"r0";0,967390933717742;31,1787505699954;38,0961701828006;31,2070234022004;39,2340113979469
"Algic";"r0";0,973755235616238;33,2398540811674;41,2992199528195;33,2727942686537;35,3385635531769
"Algic";"r0";0,963202951016312;32,5535795713634;38,2217254502796;32,5767463801328;38,0471227523127
"Algic";"r0";0,956072699170326;30,2097583219334;39,6807804952996;30,2484682218246;34,9591149894146
"Algic";"r0";0,962995883834158;30,7523939808482;35,8735305697193;30,7733250568245;43,0474283055191
"Algic";"r0";0,963532171202325;31,8217054263566;39,0511783929812;31,8512536809886;37,4933536838433
"Algic";"r0";0,975926495313535;31,1810305517556;38,7164846983359;31,2118294106653;42,4185381607214
"Algic";"r0";0,958299187499533;30,4331965344277;37,8449495385974;30,4634898028371;38,6915717427389
"Algic";"r0";0,963018744684012;31,7715458276334;39,5999756735389;31,8035421349055;36,882068859489
"Algic";"r0";0,950044715530841;29,9361605107159;36,5972376663242;29,9633856217061;42,8034613007131
"Algic";"r0";0,971402422538953;34,2886456908345;38,6399638944104;34,3064303701406;40,4499997011484
"Algic";"r0";0,976655648209771;32,0383036935705;42,3572084745708;32,0804790537108;37,6694753502606
"Algic";"r0";0,968117564260105;31,3930688554492;40,6297455004049;31,4308209398291;36,8814656884727
"Algic";"r0";0,968097891988076;32,1226630186959;38,3764084540854;32,1482232861429;39,4165406826458
"Algic";"r0";0,977654140965019;33,5362517099863;39,1279347794774;33,5591060004611;39,8794189655212
"Algic";"r0";0,959827189729859;33,1167350661195;37,3497524142412;33,1340362269429;40,2574635063499
"Algic";"r0";0,978100008156616;32,7086183310534;43,4308504338752;32,7524421679859;35,2406217877729
"Algic";"r0";0,968448766120579;33,1395348837209;38,1159232692203;33,159874345787;38,6380493437126
"Algic";"r0";0,969620745312783;31,687186502508;37,5641223108858;31,7112066761117;41,1139736713774
"Algic";"r0";0,966161275884907;31,2061103511172;39,9823389892355;31,2419804954147;37,9800536063161
"Algic";"r0";0,97291033932276;34,8267213862289;42,5346738493744;34,85822527913;34,0386482619684
"Algic";"r0";0,971235413977028;34,233926128591;39,3960123808884;34,2550245737638;39,8824380489794
"Algic";"r0";0,978416342013315;31,2015503875969;43,9590880137765;31,2536929119546;36,0234881435999
"Algic";"r0";0,971824048717692;32,1454628362973;39,1003844221025;32,173888946321;36,1304064666595
"Algic";"r0";0,968980073206048;32,7268581851345;35,454621227398;32,7380070804026;48,0586414899579
"Algic";"r0";0,972041992812911;33,2626538987688;37,9650966496702;33,2818736920286;40,7086411723243
"Algic";"r0";0,950498312809572;29,3205654354765;37,2537269098673;29,3529898011757;38,5369170774962
"Algic";"r0";0,969139030635207;31,1308709530324;35,2838981233416;31,1478451785241;45,2119508171007
"Algic";"r0";0,97420423406415;32,5946192430461;41,1114119910248;32,6294290226699;36,7169642963966
"Algic";"r0";0,973079680009259;32,8454172366621;39,4907729092847;32,8725780909099;38,4853781154214
"Algic";"r0";0,970978182805949;29,1860465116279;38,4256554540886;29,223810580875;40,5864320598382
"Algic";"r0";0,971161048464567;32,9776561787506;39,5341303450196;33,0044537570868;38,2271679760777
"Algic";"r0";0,977757796461403;34,9088007295942;40,6355044699872;34,9322068756721;39,0134103487865
"Algic";"r0";0,956264177035046;31,0373917008664;35,754840485633;31,0566728266897;42,7253743507333
"Algic";"r0";0,974473552293428;32,9046967624259;41,1118396246043;32,9382409430615;38,7038002310601
"Algic";"r0";0,961454803532803;32,421340629275;36,0762032795911;32,4362787599983;44,8214573941249
"Algic";"r0";0,973984373621375;32,8818969448244;38,7244304887378;32,9057765097178;40,9356470360148
"Algic";"r0";0,971432257406581;29,9794801641587;43,5827755851954;30,0350794642447;35,1801245209854
"Algic";"r0";0,968524579020433;31,2904696762426;39,7737715937353;31,3251425723631;36,5355484445362
"Algic";"r0";0,961599850003555;31,2357501139991;35,8297122115634;31,254526525842;44,7014932379607
"Algic";"r0";0,974297712006236;34,7742818057456;40,37606916397;34,7971773944031;38,9545222557575
"Algic";"r0";0,972087702313674;31,9653442772458;37,4846413607454;31,987902712192;40,85805102862
"Algic";"r0";0,970409043663385;30,5335157318741;41,0468572452843;30,5764857925557;35,8086394569423
"Algic";"r0";0,970249147205033;33,2216142270862;37,6402103598716;33,2396738843047;40,9725823015505
"Algic";"r0";0,968859391290295;32,8180574555404;37,7997663379394;32,8384186635066;41,7398150391798
"Algic";"r0";0,966484510600145;30,2325581395349;40,0987142184964;30,272883028141;37,5151716875843
"Algic";"r0";0,973715036036629;31,9243046055632;37,6234507085082;31,9475981182455;43,5165183940992
"Algic";"r0";0,96263684553408;29,6625626994984;37,8221466821588;29,6959124977927;38,6130622489255
"Algic";"r0";0,968201991114601;30,2804377564979;38,5465502837554;30,314222957563;40,290294616839
"Algic";"r0";0,971042833840123;31,7715458276334;43,2678221735693;31,8185333331345;34,2393910912425
"Algic";"r0";0,976295316906952;33,296853625171;40,5864700064337;33,326647697574;37,0117606667486
"Algic";"r0";0,968424320298601;34,2179662562699;41,5468249166979;34,2479207194597;35,8456922958327
"Algic";"r0";0,964251263012775;30,141358869129;34,8343118332229;30,1605398757943;45,0794751146783
"Algic";"r0";0,969330516914923;32,1887824897401;39,7232852245556;32,2195774600459;38,4857173310082
"Algic";"r0";0,977203385825387;35,608755129959;40,3139829138619;35,6279863061874;37,8335055088834
"Algic";"r0";0,963899599910127;30,2462380300958;37,897673942199;30,2775109289191;40,4487256613375
"Algic";"r0";0,973640562279083;32,3301413588691;40,3377741928256;32,3628701034221;36,4809385791997
"Algic";"r0";0,960606933464525;29,4117647058824;35,4438766136286;29,4364191142246;43,9708448889493
"Algic";"r0";0,971360626754414;32,6903784769722;37,9793596379198;32,7119955661859;40,6267242327319
"Algic";"r0";0,968819686524904;31,1263109895121;41,2937708255313;31,1678673648637;35,2803147793655
"Algic";"r0";0,968876323662588;30,734154126767;38,8774055189058;30,7674371706041;40,1708975360063
"Algic";"r0";0,956354989841256;30,7045143638851;36,3749091758771;30,7276903644791;40,4088230850108
"Algic";"r0";0,972512883423826;34,6648426812585;36,5210702362548;34,6724294423825;46,8130571125387
"Algic";"r0";0,970923599144398;34,9042407660739;39,6997858631252;34,923841086634;38,7560397834415
"Algic";"r0";0,976972160118812;34,4003647970816;42,3143785389399;34,4327109022936;35,8121164851431
"Algic";"r0";0,97009172110648;33,4427724578203;41,2261663097719;33,4745846942725;37,6213084936799
