"";"V1";"V2";"V3";"V4";"V5";"V6";"V7";"V8";"V9";"V10";"V11";"V12";"V13";"V14";"V15";"V16";"V17";"V18";"V19";"V20";"V21";"V22";"V23";"V24";"V25";"V26";"V27";"V28";"V29";"V30";"V31";"V32";"V33";"V34";"V35";"V36";"V37";"V38";"V39";"V40";"V41";"V42";"V43";"V44";"V45";"V46";"V47";"V48";"V49";"V50";"V51";"V52";"V53";"V54";"V55";"V56";"V57";"V58";"V59";"V60";"V61";"V62";"V63";"V64";"V65";"V66";"V67";"V68";"V69";"V70";"V71";"V72";"V73";"V74";"V75";"V76";"V77";"V78";"V79";"V80"
"1";1;0;0;0;1;0;1;1;1;0;0;1;1;0;1;0;1;0;1;0;0;0;0;1;0;0;1;0;0;1;0;0;0;0;1;0;1;1;1;0;1;0;1;1;1;1;0;1;0;1;1;1;1;1;1;1;1;1;1;0;0;0;0;0;1;0;0;0;1;0;0;0;0;0;0;0;1;0;0;0
"2";1;0;0;0;1;0;1;1;0;0;1;1;1;0;1;0;1;1;1;0;1;0;0;0;0;0;1;0;0;1;0;0;0;0;1;0;1;0;1;1;0;1;0;0;1;1;0;1;1;0;0;1;1;1;1;0;1;0;0;0;0;0;0;0;0;0;0;0;1;0;0;0;1;0;0;0;0;0;0;0
"3";0;0;0;0;1;1;1;1;0;1;0;1;1;0;1;0;1;0;0;0;1;0;0;0;0;0;0;0;0;1;0;0;1;0;1;0;0;1;0;1;1;0;1;1;0;1;0;1;0;0;0;1;1;1;1;0;1;1;0;1;0;0;0;0;1;0;0;0;1;0;0;0;1;1;0;0;0;0;0;0
"4";1;0;0;1;1;0;1;1;0;0;0;1;1;0;1;0;1;1;1;0;1;1;0;0;0;0;1;0;0;1;0;0;1;0;1;0;1;1;1;1;0;0;0;1;0;1;0;0;1;0;0;1;1;1;1;1;1;0;0;1;0;0;0;0;0;1;1;0;1;0;0;0;0;1;1;0;0;0;0;0
"5";1;0;0;0;1;0;1;0;1;0;0;1;1;0;1;0;1;0;0;1;0;0;0;0;0;0;1;0;0;1;0;0;0;0;1;0;1;0;1;1;0;0;1;1;1;1;0;0;0;0;0;1;1;1;0;0;0;1;0;0;0;0;0;0;0;0;1;0;0;0;0;0;0;0;0;0;0;0;0;0
"6";1;0;0;0;1;0;1;0;1;0;0;0;1;0;1;0;1;0;0;0;0;1;0;0;0;0;1;0;0;1;0;0;0;0;1;0;0;1;1;0;0;1;0;0;0;0;0;1;0;0;0;1;0;1;0;1;1;0;1;0;0;0;1;0;0;0;0;0;0;0;0;0;0;0;0;1;0;0;0;0
"7";0;0;0;0;1;1;1;1;0;0;0;0;1;0;1;0;1;0;1;0;0;0;0;0;0;0;0;0;0;1;0;0;0;0;1;0;0;1;0;0;0;0;1;1;0;1;0;0;0;0;0;1;1;1;1;0;0;0;0;0;0;0;0;0;0;0;0;0;0;0;0;0;0;0;0;0;0;0;0;0
"8";1;0;0;0;1;0;1;0;0;0;0;1;1;0;1;0;1;0;0;1;0;0;0;0;0;0;1;0;1;1;1;1;0;0;1;1;1;1;1;0;0;0;0;1;1;0;0;1;0;0;1;0;1;0;1;1;1;1;0;0;0;0;0;0;0;0;0;1;0;0;0;0;1;1;0;0;0;0;1;0
"9";0;0;1;0;1;1;1;1;0;0;0;0;1;0;0;0;0;0;0;0;1;0;0;0;0;0;0;0;0;0;1;0;0;0;0;0;0;1;0;1;0;0;1;1;1;1;0;0;0;0;0;0;1;1;1;0;1;0;0;0;0;0;0;0;0;0;0;0;0;0;0;0;0;0;1;0;0;0;0;0
"10";0;0;0;0;1;0;0;1;0;0;1;0;1;0;1;0;0;0;0;0;1;0;1;0;0;0;0;0;0;0;0;1;0;0;1;0;0;0;1;0;0;0;0;0;0;0;0;1;0;0;0;0;1;0;1;1;1;1;0;0;0;0;0;0;1;0;0;0;1;0;0;0;0;0;1;0;0;0;1;0
"11";0;0;0;0;1;0;1;1;0;0;1;1;1;0;1;0;1;0;1;0;0;0;0;0;0;0;1;0;0;0;0;0;0;1;0;0;0;0;1;0;0;0;0;1;1;1;0;0;0;0;0;1;1;1;0;0;1;1;0;0;0;0;0;1;0;1;0;0;0;0;0;0;0;0;0;0;0;0;0;0
"12";0;0;0;0;0;0;1;0;0;1;0;1;1;0;1;0;1;0;0;0;0;0;0;0;0;0;1;0;0;0;0;0;0;0;0;0;0;1;0;0;0;1;1;1;1;1;0;0;0;0;0;1;0;1;1;0;0;0;0;0;0;0;0;0;0;0;0;0;0;0;0;0;0;0;0;0;0;0;0;0
"13";0;0;1;0;1;0;0;1;0;0;0;0;1;0;1;0;1;0;1;0;1;1;0;0;0;0;1;0;1;1;0;0;0;0;1;0;0;0;0;0;0;0;0;1;0;1;0;1;0;0;0;1;0;1;1;0;0;0;0;0;0;0;0;0;1;0;0;0;1;0;0;0;1;0;0;0;0;0;0;0
"14";1;0;0;0;1;0;1;1;0;1;0;1;1;0;1;0;1;0;1;0;1;1;0;0;0;0;1;0;0;0;0;0;0;0;1;0;0;0;0;0;0;0;1;1;0;1;0;1;0;1;0;1;1;1;1;0;0;0;0;0;0;0;0;0;0;0;0;0;0;0;1;0;0;1;0;0;0;0;0;0
"15";1;0;1;0;1;0;0;0;0;0;0;0;1;0;0;0;0;1;0;0;0;0;0;0;0;0;0;0;1;1;0;0;0;1;1;0;0;0;0;0;0;0;1;1;1;1;0;0;0;0;0;0;1;0;0;0;0;1;0;0;0;0;0;0;0;0;0;0;0;0;0;0;1;1;0;0;0;0;0;0
"16";1;0;0;0;0;0;0;1;0;1;0;1;1;1;1;0;1;1;0;0;0;1;1;0;0;0;1;0;0;1;0;0;0;0;1;0;1;0;0;1;0;0;0;1;1;1;0;1;0;0;0;1;0;0;1;0;0;0;0;0;0;1;0;0;0;1;0;0;1;0;0;0;0;1;1;0;0;0;0;1
"17";1;0;0;0;1;0;1;0;0;0;0;1;0;0;1;0;1;0;0;0;0;0;0;0;0;0;1;0;0;1;0;0;0;0;0;1;0;0;1;0;1;0;0;0;0;0;0;1;0;0;0;1;0;0;1;1;1;1;0;0;0;0;0;0;0;1;0;1;1;0;0;0;0;1;0;0;0;0;0;1
"18";0;0;0;0;1;0;1;1;0;0;0;0;1;0;1;0;1;1;0;0;0;1;0;0;0;0;1;0;0;1;1;0;0;0;1;0;0;0;1;0;0;0;0;1;0;0;0;1;0;0;0;1;1;1;1;0;1;0;1;0;0;0;0;0;1;0;0;0;1;0;0;0;0;0;0;0;0;0;0;0
"19";0;0;0;0;0;0;1;1;0;0;0;0;1;0;0;0;1;0;0;0;1;0;0;0;0;0;1;0;0;1;0;1;1;0;1;0;1;0;0;0;0;0;0;0;1;1;0;0;0;0;0;1;0;0;0;0;0;0;0;0;0;0;1;0;0;0;0;0;1;0;0;0;1;0;0;0;0;1;0;0
"20";1;1;0;0;1;0;1;1;0;0;0;0;1;0;1;0;0;0;1;1;0;1;0;0;0;0;0;0;0;1;0;0;0;0;1;0;1;1;0;0;0;0;1;1;0;0;0;1;0;0;0;1;1;0;0;1;1;0;1;0;0;0;0;0;1;0;0;0;0;0;0;0;1;0;1;0;0;0;0;0
"21";0;0;0;0;1;0;1;1;0;1;0;0;1;0;1;0;1;0;0;0;0;0;0;0;1;0;1;0;0;1;0;0;0;0;1;0;0;1;0;1;1;0;0;0;0;0;1;1;0;0;0;0;1;1;1;0;1;0;0;0;0;0;0;0;0;0;0;0;1;0;1;0;1;0;0;0;0;0;0;0
"22";1;0;0;0;1;0;1;1;0;0;0;1;1;0;0;0;0;1;1;0;1;1;0;0;0;0;1;0;0;0;0;0;0;0;1;0;0;1;1;1;0;0;1;1;0;0;0;0;0;0;0;1;1;1;1;0;1;0;0;0;0;0;0;0;0;0;1;1;1;0;0;0;0;0;1;0;0;0;0;0
"23";1;0;0;0;0;0;1;1;0;0;1;0;1;0;0;0;0;0;0;1;0;1;0;0;0;0;1;0;1;0;0;0;0;0;0;1;0;1;0;0;0;0;0;1;1;1;0;1;0;0;1;1;1;0;1;1;1;1;0;0;0;0;0;0;0;0;0;0;0;0;1;0;0;0;0;1;0;0;0;0
